Rk,Player,Team,G,MP,FG,FGA,FG%,3P,3PA,3P%,2P,2PA,2P%,FT,FTA,FT%,ORB,DRB,TRB,AST,STL,BLK,TOV,PF,PTS
1.0,Giannis Antetokounmpo,MIL,23.0,35.2,12.8,20.8,0.614,0.1,0.7,0.176,12.7,20.1,0.63,7.0,11.4,0.615,2.0,9.5,11.5,6.1,0.6,1.6,3.3,2.3,32.7
2.0,Nikola JokiÄ,DEN,21.0,37.3,11.8,21.1,0.558,2.1,4.4,0.489,9.6,16.7,0.575,5.2,6.6,0.797,3.8,9.5,13.3,9.9,1.8,0.7,3.9,2.0,30.9
3.0,Shai Gilgeous-Alexander,OKC,25.0,34.4,10.5,20.6,0.51,2.1,6.2,0.34,8.4,14.4,0.583,7.1,8.2,0.864,0.8,4.7,5.5,6.3,1.9,1.0,2.6,2.2,30.3
4.0,LaMelo Ball,CHO,19.0,33.7,10.4,24.4,0.427,4.6,12.8,0.357,5.8,11.6,0.505,4.8,5.7,0.835,0.9,4.5,5.4,7.2,1.3,0.2,4.4,4.0,30.2
5.0,Paolo Banchero,ORL,5.0,36.4,9.6,19.4,0.495,2.2,6.4,0.344,7.4,13.0,0.569,7.6,11.8,0.644,2.4,6.4,8.8,5.6,0.6,0.8,2.2,2.6,29.0
6.0,Luka DonÄiÄ,DAL,20.0,37.0,10.1,21.9,0.459,3.6,10.0,0.355,6.5,11.9,0.546,5.3,6.9,0.766,0.7,7.9,8.6,8.2,2.1,0.5,3.5,2.8,28.9
7.0,Jayson Tatum,BOS,24.0,36.4,9.3,20.4,0.453,3.8,10.5,0.359,5.5,10.0,0.552,5.9,7.4,0.802,0.5,8.5,9.0,5.6,1.2,0.5,2.8,2.5,28.2
8.0,Anthony Davis,LAL,25.0,35.3,10.1,18.9,0.534,0.7,2.4,0.305,9.4,16.5,0.567,6.9,8.8,0.786,2.5,8.9,11.4,3.3,1.2,2.0,2.2,2.1,27.8
9.0,Anthony Edwards,MIN,25.0,35.9,9.2,20.3,0.454,4.3,10.2,0.424,4.9,10.1,0.484,3.5,4.4,0.807,0.6,4.8,5.4,3.8,1.3,0.6,3.1,2.0,26.2
10.0,De'Aaron Fox,SAC,27.0,37.3,9.7,20.2,0.483,2.0,6.3,0.324,7.7,13.9,0.555,4.7,5.9,0.797,1.1,3.9,5.1,6.1,1.6,0.3,3.5,2.6,26.2
11.0,Kevin Durant,PHO,15.0,35.6,9.1,17.6,0.519,2.5,6.1,0.413,6.6,11.5,0.576,4.9,5.9,0.82,0.2,6.3,6.5,3.7,0.6,1.3,3.0,1.7,25.7
12.0,Damian Lillard,MIL,22.0,36.4,7.9,17.6,0.45,3.5,9.3,0.371,4.5,8.3,0.538,6.5,7.0,0.916,0.5,4.0,4.5,7.5,1.0,0.2,3.0,1.9,25.7
13.0,Devin Booker,PHO,25.0,37.0,8.1,18.5,0.437,2.8,7.9,0.35,5.3,10.6,0.502,6.5,7.2,0.9,1.2,2.6,3.7,6.4,1.1,0.4,2.3,2.3,25.4
14.0,Tyrese Maxey,PHI,18.0,36.9,8.7,21.3,0.41,2.9,9.3,0.317,5.8,12.0,0.481,4.7,5.6,0.832,0.2,3.4,3.7,5.0,2.1,0.3,2.3,2.6,25.1
15.0,Jalen Brunson,NYK,26.0,34.4,8.4,17.2,0.489,2.7,6.2,0.432,5.7,11.0,0.521,5.4,6.6,0.82,0.4,2.5,3.0,7.7,0.7,0.1,2.4,2.2,25.0
16.0,Karl-Anthony Towns,NYK,24.0,34.3,8.8,16.6,0.526,2.3,5.1,0.439,6.5,11.5,0.565,5.0,5.9,0.845,3.0,11.0,13.9,3.3,0.9,1.0,2.5,3.5,24.8
17.0,Cam Thomas,BRK,17.0,33.4,8.1,17.5,0.461,2.9,7.4,0.389,5.2,10.1,0.515,5.7,6.6,0.866,0.4,2.9,3.2,3.4,0.7,0.1,2.8,2.0,24.7
18.0,Franz Wagner,ORL,25.0,33.2,8.8,18.9,0.465,2.0,6.4,0.321,6.8,12.6,0.538,4.8,5.4,0.881,0.9,4.7,5.6,5.7,1.7,0.5,2.4,2.3,24.4
19.0,Tyler Herro,MIA,24.0,34.9,8.4,17.6,0.476,4.2,10.1,0.413,4.2,7.5,0.561,3.2,3.7,0.875,0.3,5.0,5.3,4.8,0.8,0.1,2.5,1.6,24.1
20.0,Kyrie Irving,DAL,24.0,35.3,8.9,17.6,0.504,3.1,6.6,0.468,5.8,11.0,0.525,3.0,3.5,0.88,1.1,3.6,4.7,5.3,1.2,0.3,2.2,2.3,23.9
21.0,Jaylen Brown,BOS,21.0,35.3,8.3,18.9,0.441,2.5,7.2,0.344,5.9,11.7,0.5,4.7,6.2,0.748,1.4,4.6,6.0,4.6,1.2,0.4,2.7,2.5,23.8
22.0,Victor Wembanyama,SAS,21.0,32.3,8.6,18.2,0.473,3.0,8.9,0.333,5.7,9.4,0.604,3.4,3.9,0.889,2.0,8.3,10.3,3.9,1.1,3.5,3.6,2.2,23.6
23.0,RJ Barrett,TOR,24.0,34.3,8.6,19.0,0.455,2.0,5.7,0.35,6.6,13.3,0.5,4.3,5.9,0.725,0.9,5.8,6.8,6.1,0.8,0.5,3.5,2.6,23.5
24.0,Cade Cunningham,DET,23.0,36.1,8.9,19.7,0.451,2.4,6.3,0.386,6.4,13.3,0.482,3.3,4.3,0.776,1.1,6.3,7.5,9.7,0.8,0.8,4.6,2.6,23.5
25.0,Norman Powell,LAC,20.0,32.3,8.2,16.4,0.502,3.9,8.0,0.484,4.4,8.4,0.518,3.2,3.9,0.831,0.3,2.8,3.1,2.5,1.1,0.2,2.0,2.0,23.5
26.0,Donovan Mitchell,CLE,26.0,31.9,8.3,18.6,0.448,3.7,9.2,0.404,4.6,9.4,0.492,2.9,3.7,0.8,0.5,4.2,4.7,4.5,1.6,0.3,2.1,2.2,23.3
27.0,Stephen Curry,GSW,20.0,31.0,7.6,16.7,0.452,4.3,10.1,0.421,3.3,6.6,0.5,3.6,3.9,0.923,0.5,4.7,5.2,6.7,1.3,0.5,3.2,1.0,23.0
28.0,LeBron James,LAL,24.0,35.0,8.7,17.6,0.492,2.1,5.7,0.365,6.6,11.9,0.552,3.4,4.5,0.743,1.0,7.0,8.0,9.1,0.7,0.6,4.1,1.3,22.8
29.0,Zion Williamson,NOP,6.0,31.0,7.8,17.3,0.452,0.3,1.0,0.333,7.5,16.3,0.459,6.7,10.0,0.667,2.7,5.3,8.0,5.3,0.7,1.2,3.7,3.0,22.7
30.0,DeMar DeRozan,SAC,22.0,35.5,8.2,16.7,0.493,0.7,2.1,0.319,7.5,14.5,0.519,5.4,6.3,0.856,0.5,3.4,3.9,4.0,1.6,0.5,1.7,2.0,22.5
31.0,Brandon Ingram,NOP,18.0,33.1,8.6,18.5,0.465,2.4,6.4,0.374,6.2,12.1,0.514,2.6,3.1,0.855,0.9,4.6,5.6,5.2,0.9,0.6,3.8,2.5,22.2
32.0,James Harden,LAC,26.0,33.7,6.3,16.2,0.391,3.0,8.4,0.353,3.4,7.8,0.431,6.5,7.3,0.889,0.5,5.9,6.5,8.3,1.6,0.7,4.5,1.9,22.1
33.0,Jaren Jackson Jr.,MEM,25.0,28.2,7.9,15.2,0.518,1.9,5.2,0.364,6.0,10.0,0.598,4.3,5.3,0.812,1.3,4.5,5.8,1.3,1.5,1.8,2.0,3.3,22.0
34.0,Ja Morant,MEM,16.0,28.6,7.4,16.4,0.449,1.5,4.8,0.316,5.9,11.7,0.503,5.8,6.9,0.829,0.8,3.9,4.7,8.4,1.1,0.3,3.9,1.8,22.0
35.0,Zach LaVine,CHI,23.0,33.3,7.9,15.7,0.501,3.2,7.5,0.428,4.7,8.2,0.569,2.8,3.5,0.8,0.2,4.2,4.4,4.2,0.9,0.3,2.9,1.8,21.7
36.0,Jalen Williams,OKC,25.0,32.1,8.5,17.0,0.5,2.0,5.2,0.385,6.5,11.8,0.551,2.8,3.4,0.812,0.9,5.2,6.1,5.0,2.0,0.8,2.2,2.7,21.7
37.0,Brandon Miller,CHO,22.0,34.4,7.5,18.5,0.406,3.9,11.0,0.353,3.6,7.5,0.485,2.7,3.0,0.894,1.0,4.2,5.2,3.5,1.1,0.8,2.9,2.7,21.5
38.0,Domantas Sabonis,SAC,25.0,36.0,8.2,13.2,0.626,1.0,2.4,0.433,7.2,10.8,0.669,4.0,4.8,0.833,3.4,9.7,13.1,6.0,0.8,0.4,3.1,3.4,21.5
39.0,Trae Young,ATL,26.0,36.1,6.6,16.9,0.389,2.6,8.3,0.315,4.0,8.6,0.46,5.7,6.5,0.887,0.7,3.4,4.0,12.1,1.3,0.2,4.6,2.1,21.5
40.0,CJ McCollum,NOP,14.0,33.6,8.3,18.8,0.441,2.8,8.4,0.331,5.5,10.4,0.531,1.7,2.6,0.667,0.8,2.9,3.7,3.7,1.2,0.4,1.6,2.5,21.1
41.0,Nikola VuÄeviÄ,CHI,26.0,31.7,8.4,14.3,0.587,2.2,4.6,0.475,6.2,9.7,0.64,2.1,2.4,0.857,1.9,7.7,9.6,3.2,0.8,0.8,1.7,2.4,21.1
42.0,Scottie Barnes,TOR,14.0,33.2,7.6,16.4,0.461,1.9,6.0,0.31,5.7,10.4,0.548,3.6,4.9,0.725,2.1,6.4,8.4,7.4,1.3,0.7,3.6,1.9,20.6
43.0,Joel Embiid,PHI,6.0,29.3,6.5,15.8,0.411,0.7,4.2,0.16,5.8,11.7,0.5,6.7,7.0,0.952,1.5,6.2,7.7,3.8,0.3,1.0,3.3,2.5,20.3
44.0,Darius Garland,CLE,26.0,30.2,7.2,14.9,0.485,2.8,6.8,0.418,4.4,8.1,0.54,3.0,3.2,0.939,0.5,2.0,2.4,6.5,1.0,0.3,2.5,2.4,20.3
45.0,Jordan Poole,WAS,22.0,30.8,6.7,15.5,0.434,3.1,8.0,0.392,3.6,7.5,0.479,3.7,4.3,0.862,0.2,2.1,2.4,5.1,1.7,0.4,3.5,3.5,20.3
46.0,Julius Randle,MIN,25.0,33.0,6.9,14.2,0.483,1.6,4.6,0.348,5.3,9.6,0.548,4.7,5.7,0.825,1.8,5.0,6.8,4.0,0.8,0.2,2.6,2.6,20.1
47.0,Pascal Siakam,IND,27.0,34.3,7.6,14.3,0.532,1.8,4.3,0.426,5.8,10.1,0.577,2.9,3.6,0.786,1.7,4.9,6.6,3.5,0.9,0.3,1.5,2.9,19.9
48.0,Jalen Johnson,ATL,25.0,36.6,7.8,15.6,0.499,1.5,4.5,0.336,6.3,11.1,0.565,2.5,3.4,0.741,1.7,8.4,10.1,5.5,1.4,1.1,3.2,2.0,19.6
49.0,Jimmy Butler,MIA,19.0,32.6,6.4,11.6,0.552,0.5,1.5,0.357,5.9,10.2,0.58,6.1,7.7,0.782,2.7,3.4,6.1,5.0,1.3,0.4,1.4,1.1,19.4
50.0,De'Andre Hunter,ATL,16.0,27.9,6.4,13.6,0.47,2.8,6.1,0.449,3.6,7.4,0.487,3.8,4.4,0.859,0.6,3.4,4.0,1.3,0.8,0.1,1.2,2.4,19.3
51.0,Jalen Green,HOU,26.0,32.6,6.4,16.2,0.395,2.4,7.7,0.313,4.0,8.4,0.47,3.8,4.3,0.875,0.5,4.1,4.6,2.6,1.1,0.3,2.7,1.7,19.0
52.0,Kristaps PorziÅÄ£is,BOS,7.0,26.3,6.7,14.0,0.48,2.1,6.3,0.341,4.6,7.7,0.593,3.4,4.4,0.774,1.6,5.4,7.0,1.9,0.9,1.3,0.9,2.0,19.0
53.0,Cameron Johnson,BRK,25.0,32.5,6.1,12.6,0.484,3.2,7.5,0.433,2.9,5.2,0.558,3.2,3.6,0.868,0.8,3.5,4.2,3.0,0.8,0.5,1.1,1.9,18.6
54.0,Lauri Markkanen,UTA,20.0,31.6,5.8,12.8,0.451,2.6,6.7,0.388,3.2,6.1,0.521,4.5,5.1,0.873,1.7,4.6,6.2,2.3,0.7,0.1,1.5,1.8,18.6
55.0,Alperen Sengun,HOU,26.0,31.1,7.2,15.3,0.472,0.4,1.5,0.256,6.8,13.8,0.496,3.8,4.9,0.766,3.5,7.2,10.6,5.2,1.2,1.0,2.3,2.7,18.6
56.0,Gradey Dick,TOR,22.0,32.4,6.2,14.9,0.416,2.5,7.5,0.341,3.6,7.4,0.491,3.5,4.0,0.897,0.6,2.7,3.3,2.0,0.8,0.2,1.5,2.2,18.5
57.0,Michael Porter Jr.,DEN,24.0,35.2,7.3,14.2,0.512,2.3,6.0,0.385,5.0,8.2,0.604,1.8,2.5,0.689,1.6,5.5,7.1,2.8,0.9,0.4,1.3,2.2,18.5
58.0,Evan Mobley,CLE,25.0,30.4,7.0,12.5,0.564,0.9,2.2,0.411,6.1,10.2,0.598,3.4,4.2,0.808,2.2,6.7,8.9,2.6,1.1,1.5,2.2,2.1,18.4
59.0,Jamal Murray,DEN,19.0,35.9,6.7,15.7,0.425,2.1,5.9,0.348,4.6,9.8,0.471,3.0,3.7,0.814,0.5,3.5,3.9,6.1,1.4,0.6,2.1,1.7,18.4
60.0,Dennis SchrÃ¶der,BRK,23.0,33.6,6.4,14.1,0.452,2.5,6.5,0.387,3.9,7.6,0.509,3.1,3.5,0.889,0.2,2.8,3.0,6.6,1.1,0.2,2.6,2.4,18.4
61.0,Tyrese Haliburton,IND,27.0,35.3,6.2,14.6,0.426,3.0,8.7,0.35,3.2,5.9,0.538,2.7,3.1,0.847,0.7,2.7,3.4,8.6,1.3,0.6,2.0,1.6,18.1
62.0,Trey Murphy III,NOP,14.0,33.9,6.1,14.6,0.417,2.7,8.3,0.328,3.4,6.3,0.534,3.2,3.6,0.882,0.8,3.9,4.6,2.3,1.1,0.7,1.6,2.1,18.1
63.0,Coby White,CHI,25.0,32.7,6.0,14.3,0.419,3.2,8.8,0.367,2.8,5.5,0.504,2.9,3.3,0.878,0.3,3.2,3.5,4.6,1.2,0.2,2.4,2.5,18.1
64.0,John Collins,UTA,24.0,29.5,6.6,12.4,0.534,1.4,3.3,0.436,5.2,9.2,0.568,3.3,3.7,0.888,2.2,5.9,8.1,2.6,1.2,0.9,2.3,2.8,18.0
65.0,Bradley Beal,PHO,15.0,33.5,6.8,13.8,0.493,2.1,5.7,0.36,4.7,8.1,0.587,2.1,2.7,0.8,0.7,3.5,4.2,3.3,1.1,0.7,2.3,2.9,17.8
66.0,Andrew Wiggins,GSW,21.0,28.9,6.0,13.0,0.467,2.3,5.3,0.438,3.7,7.6,0.488,3.3,4.3,0.767,1.5,2.8,4.3,2.4,1.0,0.7,1.1,1.8,17.7
67.0,Derrick White,BOS,25.0,34.5,5.9,13.0,0.455,3.7,9.2,0.402,2.2,3.8,0.583,1.9,2.2,0.839,1.2,3.6,4.8,4.9,1.1,1.1,1.5,2.2,17.4
68.0,Jaden Ivey,DET,25.0,30.4,6.1,14.0,0.436,1.9,5.1,0.367,4.2,8.9,0.475,3.2,4.3,0.731,1.3,2.8,4.1,4.2,1.0,0.4,3.0,2.4,17.3
69.0,Bennedict Mathurin,IND,27.0,32.7,5.7,12.3,0.467,1.5,3.9,0.377,4.3,8.4,0.509,4.3,5.0,0.852,1.2,5.1,6.3,1.7,0.7,0.3,2.1,2.5,17.2
70.0,Anfernee Simons,POR,23.0,30.8,6.0,14.5,0.41,2.5,7.5,0.329,3.5,7.0,0.497,2.8,3.1,0.915,0.3,2.3,2.7,4.6,0.9,0.1,2.3,1.9,17.2
71.0,Paul George,PHI,14.0,31.6,6.2,14.2,0.437,2.3,6.5,0.352,3.9,7.7,0.509,2.4,3.1,0.791,0.6,4.6,5.3,5.1,1.9,0.5,2.8,2.3,17.1
72.0,OG Anunoby,NYK,26.0,36.8,6.4,13.4,0.476,2.2,6.0,0.357,4.2,7.4,0.573,2.0,2.5,0.803,1.1,4.0,5.0,2.0,1.5,1.2,1.3,2.5,17.0
73.0,Mikal Bridges,NYK,26.0,38.4,7.1,14.6,0.485,2.3,6.7,0.339,4.8,7.9,0.61,0.6,0.9,0.652,0.9,2.6,3.5,3.2,1.0,0.5,1.5,1.3,17.0
74.0,Austin Reaves,LAL,21.0,33.7,5.8,13.4,0.434,2.7,7.5,0.357,3.1,5.9,0.532,2.6,3.3,0.797,0.8,2.8,3.6,5.0,1.0,0.2,2.2,2.4,16.9
75.0,Shaedon Sharpe,POR,18.0,30.8,6.1,14.1,0.429,1.7,6.2,0.27,4.4,7.9,0.552,2.9,3.7,0.803,0.7,2.7,3.4,2.5,0.8,0.2,1.9,1.7,16.7
76.0,Dejounte Murray,NOP,10.0,33.0,5.9,16.2,0.364,1.6,5.7,0.281,4.3,10.5,0.41,3.2,3.8,0.842,0.4,6.1,6.5,6.8,2.1,0.6,4.2,2.4,16.6
77.0,Miles Bridges,CHO,13.0,29.5,5.9,13.9,0.425,2.0,6.4,0.313,3.9,7.5,0.52,2.6,3.1,0.85,0.9,5.8,6.7,3.2,0.5,0.5,1.4,1.4,16.5
78.0,Payton Pritchard,BOS,26.0,28.7,5.6,11.5,0.485,3.9,8.9,0.435,1.7,2.6,0.657,1.4,1.7,0.841,1.2,2.4,3.6,3.3,1.0,0.1,1.1,1.7,16.5
79.0,Chet Holmgren,OKC,10.0,26.5,5.6,11.1,0.505,1.4,3.7,0.378,4.2,7.4,0.568,3.8,4.9,0.776,1.6,7.1,8.7,2.0,0.8,2.6,2.3,1.8,16.4
80.0,Collin Sexton,UTA,25.0,27.6,5.7,11.8,0.48,1.7,4.0,0.42,4.0,7.8,0.51,3.2,3.6,0.9,0.7,1.7,2.4,3.1,0.6,0.1,2.3,2.2,16.3
81.0,Jalen Suggs,ORL,27.0,30.4,5.6,13.9,0.405,2.3,7.2,0.314,3.4,6.7,0.503,2.8,3.0,0.915,0.7,3.5,4.1,3.9,1.6,1.0,2.8,2.8,16.3
82.0,Bam Adebayo,MIA,24.0,35.0,6.2,13.9,0.443,1.0,2.9,0.333,5.2,11.0,0.472,2.9,4.0,0.726,2.5,7.7,10.3,5.1,1.5,0.8,1.8,2.0,16.2
83.0,Malik Monk,SAC,20.0,29.0,5.8,12.7,0.455,2.4,6.4,0.378,3.4,6.3,0.532,2.3,2.7,0.849,0.2,3.4,3.6,5.0,0.8,0.6,1.4,2.3,16.2
84.0,Jerami Grant,POR,24.0,32.9,5.3,13.4,0.394,2.5,6.6,0.384,2.8,6.8,0.405,3.0,3.6,0.816,0.5,3.2,3.6,2.3,1.0,1.0,1.4,2.4,16.1
85.0,Malik Beasley,DET,27.0,28.4,5.6,12.9,0.437,3.7,8.9,0.414,2.0,4.0,0.486,1.1,1.4,0.744,0.6,2.5,3.1,2.0,0.7,0.1,1.1,1.3,16.0
86.0,Devin Vassell,SAS,11.0,24.6,5.9,12.5,0.471,2.4,5.9,0.4,3.5,6.6,0.534,1.8,2.3,0.8,0.5,1.6,2.1,2.7,0.9,0.4,1.7,2.1,16.0
87.0,Jordan Clarkson,UTA,15.0,26.1,5.5,13.3,0.41,1.9,6.1,0.315,3.5,7.2,0.491,3.0,3.7,0.804,0.7,2.8,3.5,3.7,0.9,0.1,2.3,1.5,15.9
88.0,Kyle Kuzma,WAS,12.0,27.5,6.3,15.1,0.42,1.3,4.8,0.276,5.0,10.3,0.488,1.8,2.7,0.688,0.7,4.9,5.6,1.9,0.4,0.3,2.4,1.9,15.8
89.0,Keyonte George,UTA,24.0,31.6,5.3,13.6,0.39,2.5,7.6,0.335,2.8,6.0,0.458,2.6,3.2,0.805,0.5,2.8,3.3,5.8,0.8,0.2,3.3,1.8,15.7
90.0,Jakob Poeltl,TOR,26.0,32.1,6.6,11.2,0.589,0.0,0.1,0.0,6.6,11.2,0.593,2.3,3.4,0.682,3.9,7.1,11.0,2.7,1.1,1.2,2.2,3.5,15.5
91.0,Jonathan Kuminga,GSW,23.0,25.2,6.0,13.2,0.452,1.2,3.8,0.322,4.7,9.4,0.505,2.3,4.0,0.582,1.3,3.1,4.4,2.0,1.0,0.6,1.5,2.2,15.4
92.0,Jared McCain,PHI,23.0,25.7,5.5,11.9,0.46,2.2,5.8,0.383,3.3,6.1,0.532,2.1,2.4,0.875,0.6,1.9,2.4,2.6,0.7,0.0,1.6,1.6,15.3
93.0,Immanuel Quickley,TOR,3.0,22.7,5.3,14.0,0.381,2.0,5.3,0.375,3.3,8.7,0.385,2.7,3.0,0.889,0.3,1.7,2.0,4.0,0.7,0.0,1.3,2.3,15.3
94.0,Fred VanVleet,HOU,24.0,35.4,5.4,14.4,0.377,2.4,7.8,0.303,3.0,6.5,0.465,2.1,2.5,0.82,0.6,3.7,4.3,6.0,1.5,0.4,1.3,2.5,15.3
95.0,Christian Braun,DEN,23.0,34.7,5.7,10.0,0.567,1.1,2.7,0.403,4.6,7.3,0.627,2.6,3.3,0.776,1.2,3.8,5.0,1.8,1.3,0.7,1.4,2.3,15.0
96.0,Aaron Gordon,DEN,13.0,29.3,5.2,9.5,0.545,1.4,3.0,0.462,3.8,6.5,0.583,3.3,4.1,0.811,1.9,4.2,6.1,3.3,0.5,0.2,1.5,1.7,15.0
97.0,Myles Turner,IND,25.0,31.5,5.4,11.4,0.472,2.0,5.0,0.411,3.3,6.4,0.519,2.1,3.0,0.716,1.2,5.8,7.0,1.6,0.8,2.1,2.4,3.1,14.9
98.0,Ivica Zubac,LAC,27.0,32.1,6.6,11.0,0.603,0.0,0.0,,6.6,11.0,0.603,1.6,3.0,0.538,3.9,8.3,12.2,2.4,0.6,1.0,2.0,2.0,14.9
99.0,Jeremy Sochan,SAS,13.0,28.2,5.8,11.2,0.524,0.3,1.6,0.19,5.5,9.5,0.581,2.7,3.8,0.7,3.1,5.4,8.5,2.7,1.2,0.6,2.0,2.5,14.7
100.0,Desmond Bane,MEM,19.0,28.3,5.4,12.3,0.44,1.7,5.5,0.317,3.7,6.8,0.538,1.8,2.2,0.833,0.9,5.1,5.9,4.4,0.9,0.5,2.2,2.7,14.4
101.0,Buddy Hield,GSW,25.0,24.0,5.0,11.2,0.448,3.2,7.6,0.424,1.8,3.6,0.5,1.0,1.0,0.923,0.6,2.8,3.4,1.4,0.9,0.3,1.3,2.0,14.3
102.0,Deandre Ayton,POR,17.0,30.2,6.6,11.9,0.554,0.3,1.1,0.263,6.3,10.8,0.585,0.8,1.2,0.619,2.8,7.2,10.0,1.2,0.9,0.8,1.8,2.3,14.2
103.0,Josh Hart,NYK,26.0,36.8,5.5,9.2,0.594,1.4,3.4,0.404,4.1,5.8,0.707,1.8,2.2,0.821,1.5,6.7,8.2,5.5,1.5,0.3,1.8,2.3,14.1
104.0,Tre Mann,CHO,13.0,24.5,5.4,12.4,0.435,1.8,4.6,0.4,3.5,7.8,0.455,1.5,1.6,0.905,0.9,2.0,2.9,3.0,0.5,0.3,1.9,1.8,14.1
105.0,Klay Thompson,DAL,22.0,27.7,5.0,12.1,0.408,3.1,7.9,0.391,1.9,4.2,0.441,1.0,1.1,0.88,0.7,2.9,3.6,1.8,0.7,0.4,1.0,1.4,14.0
106.0,Tobias Harris,DET,25.0,32.3,5.2,11.7,0.449,1.5,4.4,0.342,3.7,7.2,0.514,1.9,2.2,0.839,1.0,5.9,6.9,2.4,0.8,0.8,1.2,1.9,13.9
107.0,Malcolm Brogdon,WAS,9.0,23.8,5.0,10.1,0.495,0.8,2.3,0.333,4.2,7.8,0.543,3.0,3.6,0.844,1.0,3.3,4.3,2.6,0.4,0.3,1.6,2.1,13.8
108.0,Jarrett Allen,CLE,27.0,29.7,5.5,7.9,0.695,0.0,0.0,0.0,5.5,7.9,0.698,2.6,3.6,0.732,2.3,8.0,10.3,1.9,1.0,0.9,1.0,1.2,13.6
109.0,Dyson Daniels,ATL,25.0,34.0,5.6,12.5,0.449,1.2,3.8,0.302,4.4,8.6,0.514,1.0,1.6,0.61,1.7,3.4,5.1,3.4,3.0,0.9,1.8,2.7,13.4
110.0,Moritz Wagner,ORL,28.0,19.4,4.9,8.6,0.562,1.0,2.6,0.365,3.9,6.0,0.649,2.8,3.8,0.726,1.4,3.9,5.3,1.4,0.9,0.4,1.7,1.9,13.4
111.0,Santi Aldama,MEM,27.0,26.6,5.2,10.1,0.515,1.6,4.3,0.379,3.6,5.9,0.614,1.1,1.5,0.775,1.6,5.7,7.3,3.0,0.9,0.5,1.3,1.1,13.2
112.0,Jordan Hawkins,NOP,11.0,27.5,4.3,11.5,0.373,2.0,6.0,0.333,2.3,5.5,0.417,2.5,2.8,0.903,0.5,3.4,3.8,1.3,0.3,0.4,1.3,1.1,13.1
113.0,Kelly Oubre Jr.,PHI,24.0,31.9,5.0,11.1,0.453,1.3,4.3,0.308,3.7,6.8,0.546,1.7,2.3,0.741,1.7,4.1,5.8,1.5,1.3,0.5,1.4,3.0,13.1
114.0,Bobby Portis,MIL,24.0,24.1,5.5,11.5,0.478,1.2,3.3,0.367,4.3,8.2,0.523,0.9,1.2,0.724,1.8,5.9,7.7,1.7,0.5,0.6,1.2,1.5,13.1
115.0,Ayo Dosunmu,CHI,27.0,30.4,5.0,10.0,0.5,1.3,4.1,0.324,3.7,5.9,0.623,1.6,1.9,0.808,0.6,3.2,3.8,4.6,0.7,0.5,1.3,2.4,12.9
116.0,Julian Champagnie,SAS,26.0,29.7,4.4,10.2,0.429,2.6,7.3,0.356,1.8,2.9,0.613,1.4,1.5,0.9,0.9,4.3,5.2,1.5,0.8,0.6,1.0,1.5,12.8
117.0,Bilal Coulibaly,WAS,23.0,34.9,4.6,10.5,0.44,1.1,3.7,0.31,3.5,6.8,0.51,2.4,3.1,0.789,1.5,3.9,5.4,3.3,1.4,0.7,2.0,2.6,12.8
118.0,Tyus Jones,PHO,25.0,32.2,4.8,9.8,0.494,2.4,5.4,0.441,2.4,4.4,0.56,0.7,0.8,0.85,0.6,2.1,2.6,6.9,1.1,0.1,1.0,1.1,12.8
119.0,Dillon Brooks,HOU,26.0,31.3,4.7,11.3,0.416,2.1,5.7,0.374,2.6,5.6,0.459,1.2,1.4,0.811,1.3,2.5,3.8,1.6,0.6,0.3,1.0,3.4,12.7
120.0,Keldon Johnson,SAS,23.0,25.3,4.7,10.4,0.448,1.1,4.0,0.286,3.5,6.4,0.547,2.2,2.9,0.761,1.1,4.2,5.3,1.6,0.8,0.2,0.8,1.8,12.7
121.0,P.J. Washington,DAL,20.0,32.7,4.6,10.1,0.455,1.5,4.0,0.367,3.2,6.2,0.512,2.1,2.7,0.759,1.6,6.6,8.1,2.4,1.3,1.2,1.7,2.0,12.7
122.0,Jrue Holiday,BOS,23.0,30.7,4.5,10.2,0.44,1.9,5.6,0.333,2.6,4.6,0.571,1.7,2.0,0.889,1.1,3.1,4.2,4.0,0.7,0.3,1.5,1.4,12.6
123.0,Isaiah Hartenstein,OKC,10.0,30.1,5.5,9.5,0.579,0.0,0.4,0.0,5.5,9.1,0.604,1.5,2.5,0.6,3.1,9.2,12.3,4.1,0.7,1.2,2.3,3.4,12.5
124.0,Daniel Gafford,DAL,25.0,20.7,5.3,7.2,0.737,0.0,0.0,,5.3,7.2,0.737,1.8,2.7,0.676,2.8,3.8,6.5,1.2,0.5,1.2,1.0,2.5,12.4
125.0,Keegan Murray,SAC,26.0,36.3,4.8,11.3,0.429,1.7,5.5,0.299,3.2,5.8,0.553,1.0,1.2,0.844,2.4,5.3,7.7,1.5,0.7,0.8,1.0,3.1,12.4
126.0,D'Angelo Russell,LAL,25.0,26.6,4.4,10.7,0.41,2.0,5.9,0.333,2.4,4.8,0.504,1.6,1.9,0.851,0.3,2.4,2.7,4.8,0.9,0.1,1.8,1.9,12.4
127.0,Deni Avdija,POR,26.0,26.6,4.0,9.3,0.434,1.4,3.8,0.36,2.7,5.5,0.486,2.8,3.6,0.785,1.3,4.6,5.8,3.1,1.0,0.7,2.1,2.0,12.3
128.0,Brandon Boston Jr.,NOP,24.0,27.7,4.6,10.5,0.438,1.4,4.0,0.34,3.2,6.4,0.5,1.8,2.2,0.827,0.7,2.9,3.6,3.2,1.5,0.3,1.5,1.9,12.3
129.0,Caris LeVert,CLE,21.0,24.4,4.2,8.0,0.53,1.9,3.8,0.488,2.4,4.2,0.568,2.0,2.9,0.683,0.5,2.4,2.9,4.2,1.0,0.5,1.3,1.3,12.3
130.0,Rui Hachimura,LAL,21.0,33.0,4.6,9.4,0.485,1.5,3.3,0.443,3.1,6.1,0.508,1.6,2.0,0.81,1.8,3.7,5.5,1.7,1.0,0.6,0.9,2.1,12.2
131.0,Naz Reid,MIN,25.0,24.8,4.4,9.8,0.451,1.7,4.9,0.35,2.7,4.8,0.554,1.7,1.9,0.875,0.6,4.7,5.3,1.6,0.8,0.8,1.2,2.2,12.2
132.0,Amen Thompson,HOU,26.0,27.1,4.6,8.3,0.556,0.3,1.2,0.29,4.3,7.1,0.6,2.5,3.7,0.688,2.3,4.7,7.0,2.0,1.2,0.9,1.8,2.4,12.1
133.0,Jonas ValanÄiÅ«nas,WAS,24.0,19.7,4.8,8.6,0.558,0.1,0.5,0.167,4.7,8.1,0.582,2.3,2.5,0.918,2.3,5.3,7.6,2.2,0.3,0.8,1.8,1.7,12.0
134.0,Josh Giddey,CHI,27.0,27.1,4.5,10.0,0.452,1.2,3.7,0.327,3.3,6.3,0.527,1.6,2.3,0.71,1.2,5.2,6.4,6.9,1.0,0.4,2.7,1.5,11.9
135.0,Naji Marshall,DAL,21.0,24.3,4.8,8.7,0.549,0.8,2.6,0.309,4.0,6.0,0.654,1.6,1.8,0.868,1.1,2.3,3.4,2.4,1.0,0.1,1.5,1.5,11.9
136.0,Bogdan BogdanoviÄ,ATL,12.0,25.1,4.1,9.9,0.412,2.3,6.5,0.346,1.8,3.4,0.537,1.3,1.4,0.941,0.7,2.7,3.3,2.0,0.9,0.3,1.6,2.7,11.8
137.0,Stephon Castle,SAS,25.0,27.2,4.0,10.7,0.378,1.2,4.2,0.274,2.9,6.4,0.447,2.5,3.4,0.738,0.8,1.8,2.6,3.9,0.9,0.4,1.9,1.6,11.7
138.0,Terry Rozier,MIA,22.0,28.7,4.1,10.3,0.398,1.9,5.3,0.35,2.2,5.0,0.45,1.7,1.9,0.902,0.7,3.2,3.9,3.1,0.6,0.4,1.5,1.5,11.7
139.0,Jabari Smith Jr.,HOU,26.0,30.7,4.1,9.4,0.434,1.7,4.8,0.357,2.3,4.5,0.517,1.8,2.2,0.857,1.8,5.0,6.8,1.0,0.3,1.0,0.7,2.5,11.7
140.0,Ochai Agbaji,TOR,27.0,30.8,4.6,8.6,0.53,1.7,3.9,0.443,2.8,4.7,0.603,0.6,0.9,0.667,1.0,3.1,4.1,1.9,1.0,0.6,0.9,2.4,11.4
141.0,Nick Richards,CHO,11.0,24.7,3.9,6.5,0.606,0.0,0.1,0.0,3.9,6.4,0.614,3.5,4.9,0.722,2.6,6.6,9.3,1.5,0.5,1.6,1.8,2.7,11.4
142.0,Jaylen Wells,MEM,27.0,24.6,4.1,9.0,0.455,1.8,4.6,0.39,2.3,4.5,0.521,1.4,1.7,0.809,0.9,2.3,3.3,1.7,0.4,0.2,1.3,1.9,11.4
143.0,Tari Eason,HOU,24.0,22.8,4.4,9.2,0.475,1.0,3.0,0.315,3.4,6.2,0.554,1.5,2.0,0.755,2.1,4.2,6.3,1.0,1.9,1.0,0.8,2.5,11.3
144.0,Zach Edey,MEM,15.0,20.4,4.7,7.5,0.619,0.4,0.7,0.6,4.3,6.9,0.621,1.5,2.3,0.676,3.4,3.7,7.1,0.8,0.9,1.0,1.5,3.2,11.3
145.0,T.J. McConnell,IND,26.0,20.0,5.2,9.1,0.572,0.1,0.5,0.214,5.1,8.5,0.595,0.8,1.0,0.741,0.6,1.9,2.5,4.2,1.3,0.3,1.6,1.1,11.3
146.0,Onyeka Okongwu,ATL,25.0,23.8,4.4,8.1,0.542,0.4,1.6,0.244,4.0,6.5,0.617,2.1,2.7,0.779,2.5,4.1,6.6,1.4,0.7,0.7,0.8,2.2,11.3
147.0,Russell Westbrook,DEN,24.0,25.2,4.0,9.8,0.404,1.2,3.6,0.326,2.8,6.2,0.45,2.3,3.6,0.628,0.8,3.3,4.1,6.5,1.7,0.6,2.5,2.5,11.3
148.0,Harrison Barnes,SAS,26.0,29.0,3.7,7.5,0.492,1.5,3.5,0.444,2.2,4.0,0.533,2.3,2.8,0.808,1.6,2.5,4.2,1.7,0.3,0.2,0.7,0.8,11.2
149.0,Herbert Jones,NOP,9.0,32.6,4.2,9.2,0.458,1.1,4.0,0.278,3.1,5.2,0.596,1.7,2.2,0.75,1.1,2.9,4.0,2.3,2.0,0.4,1.9,2.9,11.2
150.0,Walker Kessler,UTA,19.0,29.1,4.8,6.6,0.728,0.1,0.1,1.0,4.7,6.5,0.724,1.5,2.5,0.583,3.9,6.6,10.5,1.4,0.5,2.8,1.5,2.1,11.2
151.0,Brook Lopez,MIL,25.0,32.7,4.2,8.9,0.475,1.8,5.0,0.357,2.4,3.9,0.629,1.0,1.4,0.706,1.2,3.7,4.9,1.6,1.0,2.1,1.2,2.5,11.2
152.0,Royce O'Neale,PHO,25.0,26.2,4.0,8.6,0.458,2.6,5.7,0.458,1.4,3.0,0.459,0.6,0.8,0.762,1.2,4.8,5.9,2.2,0.9,0.6,1.0,2.2,11.2
153.0,Duncan Robinson,MIA,23.0,22.6,4.0,9.5,0.422,2.5,6.4,0.385,1.5,3.0,0.5,0.7,0.8,0.833,0.3,1.9,2.2,2.2,0.5,0.1,1.0,2.1,11.1
154.0,Grayson Allen,PHO,21.0,23.9,3.4,8.2,0.41,2.4,6.1,0.388,1.0,2.1,0.477,1.8,2.2,0.826,0.6,2.3,2.9,1.9,0.8,0.3,1.1,1.5,11.0
155.0,Dorian Finney-Smith,BRK,18.0,28.9,3.8,8.1,0.476,2.5,5.6,0.45,1.3,2.5,0.533,0.8,1.3,0.652,1.6,2.7,4.3,1.7,0.9,0.6,0.9,2.9,11.0
156.0,DaQuan Jeffries,CHO,3.0,20.3,4.3,6.7,0.65,2.0,3.3,0.6,2.3,3.3,0.7,0.3,0.7,0.5,1.0,2.7,3.7,1.0,0.3,0.3,0.7,1.3,11.0
157.0,Corey Kispert,WAS,19.0,27.6,4.0,9.7,0.413,1.8,5.9,0.313,2.2,3.8,0.569,1.1,1.3,0.833,0.4,3.1,3.4,1.5,0.6,0.2,1.1,1.7,10.9
158.0,Zaccharie Risacher,ATL,27.0,23.7,4.0,10.0,0.399,1.2,4.3,0.274,2.8,5.7,0.494,1.7,2.4,0.682,1.1,2.2,3.3,1.2,0.8,0.7,1.1,2.0,10.9
159.0,Alex Sarr,WAS,22.0,26.9,4.2,10.8,0.388,1.2,4.5,0.265,3.0,6.3,0.475,1.3,2.0,0.659,2.1,4.2,6.3,2.0,0.7,1.8,1.5,2.9,10.9
160.0,Scoot Henderson,POR,19.0,25.6,3.9,9.7,0.4,0.9,3.2,0.279,3.0,6.5,0.46,2.2,2.7,0.788,0.6,2.1,2.7,5.1,0.9,0.2,2.8,2.6,10.8
161.0,Jose Alvarado,NOP,11.0,25.6,3.6,9.2,0.396,2.2,5.5,0.4,1.5,3.7,0.39,1.3,1.5,0.824,0.5,1.6,2.2,4.5,1.5,0.3,1.3,2.4,10.7
162.0,Justin Champagnie,WAS,7.0,25.7,4.4,8.3,0.534,1.1,3.4,0.333,3.3,4.9,0.676,0.7,1.3,0.556,2.4,4.0,6.4,1.3,1.6,0.7,0.7,2.4,10.7
163.0,Ty Jerome,CLE,26.0,18.0,3.9,7.2,0.537,1.3,2.9,0.447,2.6,4.3,0.598,1.6,1.7,0.911,0.5,1.5,2.0,3.5,1.3,0.0,1.2,1.5,10.7
164.0,Obi Toppin,IND,26.0,20.5,4.2,7.7,0.548,1.3,3.7,0.358,2.9,4.0,0.721,1.0,1.1,0.897,0.7,3.3,4.0,1.8,0.8,0.4,0.7,1.5,10.7
165.0,Rudy Gobert,MIN,25.0,34.4,4.0,6.3,0.633,0.0,0.0,,4.0,6.3,0.633,2.6,3.4,0.765,3.4,7.6,11.0,2.0,0.7,1.4,1.6,2.8,10.6
166.0,Dalton Knecht,LAL,26.0,23.6,4.0,8.5,0.468,1.9,5.1,0.376,2.0,3.3,0.609,0.8,1.1,0.714,0.7,3.1,3.7,1.1,0.5,0.0,0.6,1.5,10.6
167.0,Miles McBride,NYK,21.0,25.2,3.7,8.2,0.448,2.0,4.9,0.422,1.6,3.3,0.486,1.0,1.2,0.846,0.6,2.0,2.5,2.8,0.9,0.2,1.0,1.7,10.4
168.0,Grant Williams,CHO,16.0,29.9,3.4,7.7,0.439,1.7,4.6,0.365,1.7,3.1,0.551,1.9,2.3,0.838,1.1,4.0,5.1,2.3,1.1,0.8,1.8,2.9,10.4
169.0,Amir Coffey,LAC,26.0,24.6,3.7,7.4,0.492,1.7,3.9,0.431,2.0,3.5,0.56,1.3,1.7,0.814,0.6,2.0,2.6,1.3,0.6,0.1,0.7,1.5,10.3
170.0,Jaden McDaniels,MIN,25.0,30.2,4.1,9.1,0.447,1.2,3.8,0.326,2.8,5.3,0.534,0.9,1.2,0.71,1.3,2.9,4.2,1.7,1.4,0.8,1.1,3.0,10.3
171.0,De'Anthony Melton,GSW,6.0,20.2,3.7,9.0,0.407,2.2,5.8,0.371,1.5,3.2,0.474,0.8,1.3,0.625,1.0,2.3,3.3,2.8,1.2,0.3,1.7,3.0,10.3
172.0,Scotty Pippen Jr.,MEM,27.0,22.5,4.0,8.4,0.469,0.9,2.9,0.325,3.0,5.6,0.543,1.4,2.0,0.717,0.6,3.0,3.6,5.1,1.0,0.4,2.0,2.4,10.3
173.0,Luguentz Dort,OKC,25.0,29.4,3.4,8.4,0.411,2.2,5.6,0.403,1.2,2.8,0.429,1.1,1.4,0.8,1.5,3.3,4.8,1.8,1.2,0.8,0.6,3.0,10.2
174.0,Chris Boucher,TOR,24.0,18.0,3.6,8.0,0.455,1.0,3.7,0.27,2.6,4.3,0.618,1.8,2.3,0.75,1.4,3.3,4.7,0.6,0.5,0.8,0.7,1.3,10.0
175.0,Clint Capela,ATL,27.0,23.0,4.5,7.8,0.576,0.0,0.0,,4.5,7.8,0.576,1.1,2.0,0.537,3.7,5.7,9.4,1.3,0.6,1.0,0.7,2.1,10.0
176.0,Derrick Jones Jr.,LAC,25.0,25.0,3.9,7.8,0.5,1.2,2.9,0.417,2.7,4.9,0.549,1.1,1.2,0.871,1.2,2.2,3.4,0.9,1.3,0.2,1.1,2.1,10.0
177.0,Tim Hardaway Jr.,DET,24.0,27.6,3.3,7.9,0.413,1.9,5.3,0.354,1.4,2.6,0.532,1.5,1.7,0.878,0.2,1.9,2.1,1.5,0.4,0.0,0.7,1.4,9.9
178.0,Kevin Huerter,SAC,23.0,25.6,3.8,8.8,0.431,1.8,5.9,0.311,2.0,2.9,0.672,0.5,0.7,0.706,0.4,3.1,3.5,2.0,1.1,0.5,1.0,2.3,9.9
179.0,Dalano Banton,POR,24.0,16.7,3.5,8.3,0.422,1.3,3.5,0.365,2.2,4.8,0.465,1.5,2.3,0.667,0.4,1.9,2.3,2.6,0.9,0.5,1.7,1.1,9.8
180.0,Nickeil Alexander-Walker,MIN,25.0,23.8,3.5,7.1,0.492,1.7,3.9,0.429,1.8,3.2,0.57,1.0,1.3,0.758,0.7,2.0,2.7,2.5,0.9,0.4,1.4,1.6,9.6
181.0,Nic Claxton,BRK,20.0,25.3,4.3,6.9,0.623,0.1,0.2,0.25,4.3,6.7,0.634,1.0,2.1,0.463,2.0,5.6,7.6,2.3,0.8,1.2,1.2,2.5,9.6
182.0,Chris Paul,SAS,26.0,28.2,3.3,7.7,0.423,1.7,5.0,0.349,1.5,2.8,0.556,1.3,1.3,1.0,0.6,3.4,4.0,8.4,1.4,0.2,1.8,1.9,9.6
183.0,Kevin Porter Jr.,LAC,24.0,20.0,3.8,9.3,0.411,0.5,2.5,0.213,3.3,6.8,0.485,1.3,2.0,0.638,0.7,2.9,3.6,3.1,1.0,0.3,2.2,1.5,9.5
184.0,Patrick Williams,CHI,17.0,27.5,3.1,8.6,0.363,1.6,4.6,0.359,1.5,4.0,0.368,1.5,1.7,0.862,1.1,3.7,4.8,2.2,0.9,0.6,1.8,1.4,9.4
185.0,Robert Williams,POR,8.0,18.5,3.9,5.3,0.738,0.1,0.3,0.5,3.8,5.0,0.75,1.5,1.6,0.923,2.0,3.6,5.6,1.4,1.0,1.6,1.0,1.1,9.4
186.0,Draymond Green,GSW,23.0,28.6,3.1,7.1,0.442,1.5,3.8,0.398,1.6,3.3,0.493,1.5,2.3,0.642,1.0,5.3,6.2,5.9,1.0,1.0,2.5,3.3,9.3
187.0,Julian Strawther,DEN,24.0,21.1,3.3,7.0,0.467,1.3,3.4,0.39,1.9,3.5,0.541,1.5,1.8,0.814,0.3,1.9,2.2,1.4,0.8,0.4,0.9,2.5,9.3
188.0,Al Horford,BOS,19.0,28.0,3.4,7.2,0.467,2.2,5.3,0.406,1.2,1.9,0.639,0.3,0.3,1.0,0.8,4.5,5.3,2.3,0.7,0.9,1.0,1.6,9.2
189.0,Yves Missi,NOP,26.0,25.7,3.7,6.7,0.549,0.0,0.0,,3.7,6.7,0.549,1.9,3.0,0.649,3.8,4.7,8.5,1.2,0.7,1.2,1.1,2.1,9.2
190.0,Aaron Nesmith,IND,6.0,22.7,3.2,6.0,0.528,1.0,1.8,0.545,2.2,4.2,0.52,1.8,2.2,0.846,0.7,3.3,4.0,1.0,0.7,0.3,0.8,4.0,9.2
191.0,Jusuf NurkiÄ,PHO,18.0,24.6,3.2,7.1,0.445,0.8,2.7,0.286,2.4,4.4,0.544,2.1,3.1,0.673,1.9,8.1,10.0,1.3,0.9,0.8,2.4,3.0,9.2
192.0,Marcus Smart,MEM,17.0,21.9,2.9,8.1,0.365,1.6,4.9,0.325,1.4,3.2,0.426,1.7,2.1,0.829,0.8,1.6,2.5,3.9,1.3,0.4,2.0,1.7,9.2
193.0,Jalen Wilson,BRK,25.0,25.3,3.1,7.3,0.423,1.5,4.1,0.359,1.6,3.2,0.506,1.5,1.8,0.844,1.0,2.4,3.4,1.8,0.5,0.0,0.9,2.3,9.2
194.0,Guerschon Yabusele,PHI,24.0,23.8,3.3,7.0,0.476,1.4,3.8,0.374,1.9,3.2,0.597,1.1,1.8,0.614,1.7,3.7,5.3,1.8,0.6,0.4,1.3,2.6,9.2
195.0,Toumani Camara,POR,26.0,30.4,3.4,8.0,0.423,1.6,4.3,0.369,1.8,3.7,0.485,0.8,1.1,0.714,2.1,3.0,5.1,2.1,1.4,0.5,1.6,2.9,9.1
196.0,Jay Huff,MEM,27.0,15.2,3.2,6.2,0.515,1.6,4.0,0.411,1.6,2.2,0.7,1.1,1.5,0.756,0.6,2.1,2.8,0.8,0.3,1.2,0.6,1.7,9.1
197.0,Peyton Watson,DEN,24.0,24.6,3.3,6.8,0.491,0.8,2.2,0.377,2.5,4.6,0.545,1.6,2.1,0.76,1.0,2.3,3.4,1.2,0.9,0.9,0.8,2.1,9.1
198.0,Carlton Carrington,WAS,24.0,29.1,3.3,8.6,0.386,1.5,4.6,0.327,1.8,4.0,0.454,0.8,1.0,0.8,0.3,4.0,4.4,4.0,1.0,0.3,2.0,3.1,9.0
199.0,Trentyn Flowers,LAC,1.0,14.0,4.0,9.0,0.444,0.0,2.0,0.0,4.0,7.0,0.571,1.0,1.0,1.0,1.0,3.0,4.0,0.0,0.0,0.0,1.0,3.0,9.0
200.0,Goga Bitadze,ORL,23.0,23.5,3.7,5.9,0.632,0.0,0.5,0.0,3.7,5.4,0.688,1.4,1.8,0.78,2.9,4.8,7.7,1.9,0.8,1.6,1.4,2.5,8.9
201.0,Jalen Duren,DET,24.0,24.3,3.6,5.4,0.674,0.0,0.0,,3.6,5.4,0.674,1.6,2.8,0.582,3.1,6.1,9.2,2.3,0.4,1.3,2.1,3.3,8.9
202.0,Isaiah Joe,OKC,23.0,21.3,3.1,7.5,0.41,2.3,6.0,0.38,0.8,1.6,0.528,0.4,0.6,0.769,0.5,2.2,2.7,1.7,0.7,0.3,0.5,1.7,8.9
203.0,Gary Trent Jr.,MIL,23.0,25.8,3.0,7.4,0.404,2.0,5.0,0.388,1.0,2.4,0.436,1.0,1.1,0.88,0.1,1.8,2.0,1.0,0.9,0.0,0.5,2.3,8.9
204.0,Jaime Jaquez Jr.,MIA,20.0,21.1,3.3,7.9,0.42,0.5,2.0,0.25,2.8,5.9,0.479,1.7,2.4,0.723,1.4,3.5,4.8,2.3,1.0,0.1,1.5,1.6,8.8
205.0,Georges Niang,CLE,27.0,20.8,3.4,7.1,0.476,1.7,4.6,0.363,1.7,2.5,0.687,0.4,0.5,0.786,0.8,3.3,4.1,1.3,0.3,0.2,1.0,2.3,8.8
206.0,Aaron Wiggins,OKC,25.0,19.9,3.5,7.7,0.451,1.4,3.6,0.393,2.1,4.2,0.5,0.5,0.6,0.8,1.0,2.4,3.4,1.5,0.9,0.3,0.8,1.3,8.8
207.0,Mark Williams,CHO,5.0,12.8,3.6,5.4,0.667,0.0,0.0,,3.6,5.4,0.667,1.6,2.2,0.727,2.2,2.8,5.0,1.6,0.2,1.0,0.6,1.6,8.8
208.0,Mike Conley,MIN,21.0,25.8,2.7,7.7,0.348,2.0,5.3,0.366,0.7,2.3,0.306,1.4,1.6,0.909,0.6,2.5,3.1,4.7,1.5,0.2,1.4,1.6,8.7
209.0,Quentin Grimes,DAL,24.0,20.3,3.0,6.3,0.474,1.5,3.7,0.416,1.5,2.6,0.556,1.2,1.7,0.7,0.6,2.9,3.5,1.4,0.8,0.2,1.2,1.8,8.7
210.0,Dereck Lively II,DAL,21.0,23.9,3.6,5.2,0.688,0.0,0.0,,3.6,5.2,0.688,1.6,2.6,0.6,3.0,4.7,7.7,2.4,0.6,1.6,1.2,2.9,8.7
211.0,Caleb Martin,PHI,20.0,29.1,3.0,7.4,0.405,0.8,2.6,0.294,2.3,4.9,0.464,2.0,2.9,0.672,1.4,3.3,4.6,2.3,1.0,0.5,1.8,1.7,8.7
212.0,Larry Nance Jr.,ATL,10.0,16.5,3.4,5.4,0.63,1.6,2.9,0.552,1.8,2.5,0.72,0.3,0.4,0.75,1.0,1.6,2.6,1.4,0.9,0.3,0.4,1.3,8.7
213.0,Sam Hauser,BOS,21.0,22.4,3.1,7.2,0.437,2.2,6.0,0.373,0.9,1.2,0.76,0.1,0.1,1.0,0.9,2.7,3.5,1.0,0.9,0.2,0.4,1.2,8.6
214.0,Ziaire Williams,BRK,21.0,21.9,3.0,7.6,0.403,0.9,3.1,0.273,2.2,4.4,0.495,1.7,2.1,0.795,1.0,3.3,4.4,1.1,1.0,0.3,0.9,2.7,8.6
215.0,Cody Martin,CHO,26.0,26.3,3.2,7.3,0.44,1.2,3.7,0.333,2.0,3.7,0.547,0.8,1.2,0.656,1.1,3.7,4.8,2.3,1.1,0.7,1.0,2.0,8.5
216.0,Andrew Nembhard,IND,13.0,25.6,3.2,7.1,0.446,0.5,2.1,0.259,2.6,5.0,0.523,1.7,1.9,0.88,0.2,2.2,2.5,4.8,0.9,0.0,1.8,1.8,8.5
217.0,Isaiah Wong,CHO,4.0,16.0,2.8,6.0,0.458,0.8,1.8,0.429,2.0,4.3,0.471,2.3,3.0,0.75,1.8,1.5,3.3,2.0,0.8,0.0,1.3,2.0,8.5
218.0,Jaylen Nowell,NOP,8.0,21.0,3.3,9.1,0.356,1.0,3.4,0.296,2.3,5.8,0.391,0.9,1.4,0.636,0.8,1.8,2.5,2.3,0.1,0.5,1.0,1.1,8.4
219.0,Day'Ron Sharpe,BRK,5.0,16.2,2.8,6.0,0.467,0.4,1.8,0.222,2.4,4.2,0.571,2.4,2.4,1.0,1.6,2.2,3.8,1.0,1.4,0.2,1.0,1.2,8.4
220.0,Donte DiVincenzo,MIN,25.0,24.8,2.9,8.2,0.353,2.0,6.4,0.319,0.8,1.8,0.477,0.5,0.6,0.75,0.3,2.8,3.1,3.4,1.2,0.2,1.6,1.5,8.3
221.0,Trendon Watford,BRK,13.0,16.1,2.7,6.1,0.443,0.6,2.0,0.308,2.1,4.1,0.509,2.3,2.7,0.857,0.3,2.5,2.8,1.2,0.4,0.3,1.2,2.3,8.3
222.0,Bones Hyland,LAC,12.0,11.4,2.5,6.1,0.411,1.9,4.3,0.442,0.6,1.8,0.333,1.3,1.5,0.833,0.3,0.8,1.1,1.2,0.9,0.3,1.3,1.3,8.2
223.0,Jalen Smith,CHI,24.0,15.4,2.8,6.1,0.456,1.3,3.4,0.366,1.5,2.7,0.569,1.4,1.8,0.786,1.5,3.9,5.3,0.8,0.4,0.8,0.6,1.6,8.2
224.0,Anthony Black,ORL,28.0,24.1,2.9,7.0,0.411,0.6,2.4,0.242,2.3,4.7,0.496,1.8,2.5,0.714,0.5,2.3,2.8,3.8,1.0,0.8,2.3,2.1,8.1
225.0,Kentavious Caldwell-Pope,ORL,27.0,30.3,2.8,7.1,0.396,1.4,4.7,0.291,1.4,2.4,0.6,1.1,1.2,0.879,0.4,1.7,2.1,1.7,1.6,0.6,0.8,2.1,8.1
226.0,A.J. Green,MIL,24.0,21.1,2.7,5.7,0.478,2.5,5.2,0.476,0.3,0.5,0.5,0.2,0.3,0.833,0.2,2.0,2.1,1.0,0.5,0.1,0.7,2.1,8.1
227.0,Nikola JoviÄ,MIA,15.0,18.6,2.9,6.1,0.467,1.1,3.1,0.348,1.8,3.1,0.587,1.3,1.8,0.741,0.5,3.2,3.7,1.3,0.9,0.1,0.5,1.4,8.1
228.0,Jake LaRavia,MEM,27.0,22.9,2.9,5.8,0.494,0.8,2.1,0.386,2.0,3.7,0.556,1.6,2.3,0.705,1.4,3.1,4.5,3.4,0.9,0.7,1.5,2.3,8.1
229.0,Brice Sensabaugh,UTA,19.0,16.8,2.8,6.3,0.454,1.7,4.1,0.41,1.2,2.2,0.537,0.7,0.8,0.867,0.7,1.6,2.3,1.2,0.6,0.1,1.6,1.0,8.1
230.0,Spencer Dinwiddie,DAL,24.0,21.4,2.3,5.8,0.396,1.3,3.5,0.376,1.0,2.3,0.426,1.9,2.2,0.868,0.2,1.7,1.8,3.1,0.7,0.3,0.8,1.5,7.8
231.0,Andre Drummond,PHI,21.0,20.5,3.1,6.0,0.52,0.0,0.4,0.125,3.1,5.7,0.546,1.5,2.6,0.574,3.0,5.5,8.6,0.5,1.4,0.4,1.8,2.4,7.8
232.0,Garrison Mathews,ATL,19.0,18.1,2.3,5.2,0.434,1.9,4.4,0.446,0.3,0.8,0.375,1.4,1.6,0.839,0.2,0.9,1.1,1.4,0.7,0.2,0.5,1.8,7.8
233.0,Taurean Prince,MIL,25.0,26.6,2.8,5.8,0.479,1.9,3.6,0.516,0.9,2.1,0.415,0.4,0.5,0.846,0.6,3.5,4.2,1.8,0.8,0.2,1.1,2.0,7.8
234.0,Tristan Da Silva,ORL,24.0,23.1,2.9,7.0,0.419,1.1,3.4,0.333,1.8,3.6,0.5,0.7,1.0,0.708,1.0,2.6,3.6,1.5,0.3,0.2,0.7,1.5,7.7
235.0,Josh Green,CHO,24.0,27.8,2.8,6.5,0.429,1.5,3.5,0.429,1.3,3.0,0.431,0.6,1.0,0.6,1.0,1.6,2.6,1.6,1.0,0.4,0.9,2.9,7.7
236.0,Cameron Payne,NYK,20.0,17.1,2.8,6.5,0.434,1.6,3.9,0.416,1.2,2.6,0.462,0.5,0.6,0.818,0.3,1.6,1.9,3.1,0.6,0.4,0.5,2.1,7.7
237.0,Brandin Podziemski,GSW,24.0,24.5,3.0,7.9,0.376,0.9,3.7,0.25,2.0,4.2,0.485,0.9,1.2,0.75,1.0,3.6,4.6,3.4,0.8,0.3,1.2,1.7,7.7
238.0,Ausar Thompson,DET,7.0,16.7,3.1,7.0,0.449,0.6,1.9,0.308,2.6,5.1,0.5,0.7,1.6,0.455,1.0,2.9,3.9,2.1,0.9,0.6,1.7,2.6,7.6
239.0,Brandon Clarke,MEM,26.0,18.5,3.5,5.7,0.611,0.0,0.6,0.063,3.5,5.1,0.677,0.5,0.8,0.591,1.6,3.4,5.0,1.0,0.8,0.4,0.5,2.1,7.5
240.0,Kyshawn George,WAS,19.0,26.2,2.6,7.8,0.336,1.3,5.1,0.247,1.4,2.7,0.5,1.0,1.4,0.731,0.7,3.4,4.1,2.6,0.7,0.7,1.0,3.2,7.5
241.0,Noah Clowney,BRK,17.0,16.6,2.5,6.4,0.389,1.6,4.3,0.37,0.9,2.1,0.429,0.9,1.2,0.714,0.9,2.2,3.1,0.6,0.3,0.7,0.8,2.8,7.4
242.0,Moses Moody,GSW,23.0,15.6,2.5,6.0,0.42,1.3,3.6,0.366,1.2,2.4,0.5,1.1,1.5,0.714,0.4,1.4,1.9,0.9,0.3,0.3,0.8,1.1,7.4
243.0,Talen Horton-Tucker,CHI,21.0,11.7,2.6,4.8,0.545,1.0,2.1,0.455,1.7,2.7,0.614,1.1,1.7,0.657,0.5,1.5,2.0,1.5,0.3,0.2,0.5,0.9,7.3
244.0,Trayce Jackson-Davis,GSW,24.0,16.8,3.3,5.4,0.605,0.0,0.0,0.0,3.3,5.3,0.609,0.8,1.5,0.571,1.7,3.0,4.8,2.0,0.3,0.7,0.8,1.2,7.3
245.0,Wendell Carter Jr.,ORL,15.0,26.0,2.5,5.1,0.487,0.3,2.1,0.161,2.1,3.0,0.711,1.9,2.5,0.763,1.9,5.7,7.6,2.3,0.9,0.5,0.9,2.9,7.2
246.0,Sam Merrill,CLE,23.0,20.2,2.3,6.3,0.375,1.8,5.5,0.333,0.5,0.8,0.667,0.7,0.7,0.938,0.3,1.5,1.9,1.8,0.6,0.2,0.4,2.0,7.2
247.0,Haywood Highsmith,MIA,22.0,24.8,2.6,5.5,0.475,1.3,3.1,0.426,1.3,2.4,0.538,0.6,0.9,0.684,0.8,2.2,3.0,1.1,1.1,0.8,0.7,2.0,7.1
248.0,Luke Kennard,MEM,15.0,19.7,2.3,5.3,0.43,1.6,3.7,0.429,0.7,1.5,0.435,0.9,1.2,0.778,0.5,2.0,2.5,2.9,0.7,0.1,0.7,0.7,7.1
249.0,Vasilije MiciÄ,CHO,15.0,21.7,2.7,7.9,0.345,1.2,3.4,0.353,1.5,4.5,0.338,0.5,0.7,0.7,0.9,2.1,2.9,4.0,0.5,0.0,2.1,1.3,7.1
250.0,Jeremiah Robinson-Earl,NOP,25.0,20.3,2.7,6.1,0.438,0.8,2.6,0.323,1.8,3.5,0.523,0.9,1.0,0.885,2.1,3.0,5.1,1.2,0.8,0.1,0.9,1.4,7.1
251.0,Ja'Kobe Walter,TOR,13.0,19.3,2.8,7.5,0.367,0.8,3.5,0.217,2.0,4.0,0.5,0.8,1.1,0.714,0.9,2.2,3.2,1.5,0.7,0.2,1.0,1.8,7.1
252.0,Isaiah Jackson,IND,5.0,16.8,2.8,4.6,0.609,0.0,0.0,,2.8,4.6,0.609,1.4,2.8,0.5,2.2,3.4,5.6,1.0,0.6,1.6,1.0,2.8,7.0
253.0,Khris Middleton,MIL,4.0,21.3,1.8,6.8,0.259,0.8,3.0,0.25,1.0,3.8,0.267,2.8,3.0,0.917,0.0,3.0,3.0,5.8,1.5,0.5,1.5,3.0,7.0
254.0,Jordan Miller,LAC,16.0,16.4,2.8,6.3,0.44,0.4,1.8,0.25,2.3,4.5,0.514,1.1,1.4,0.773,1.1,1.1,2.2,1.3,0.3,0.2,0.9,1.1,7.0
255.0,Cason Wallace,OKC,25.0,26.7,2.8,6.8,0.418,1.0,3.4,0.298,1.8,3.4,0.535,0.2,0.3,0.857,1.3,2.4,3.7,2.2,1.8,0.7,0.6,2.1,6.9
256.0,Kris Dunn,LAC,27.0,22.6,2.8,6.3,0.45,1.0,3.1,0.325,1.8,3.2,0.57,0.2,0.4,0.5,0.7,2.9,3.6,2.6,1.7,0.3,1.0,2.6,6.8
257.0,Kyle Filipowski,UTA,17.0,18.0,2.5,4.9,0.518,0.6,1.9,0.303,1.9,2.9,0.66,1.2,2.0,0.588,0.9,3.5,4.4,1.8,0.5,0.1,0.9,1.8,6.8
258.0,Johnny Juzang,UTA,21.0,17.3,2.3,5.8,0.402,1.6,4.3,0.378,0.7,1.5,0.469,0.5,0.6,0.846,0.5,1.7,2.1,1.1,0.3,0.2,0.5,2.0,6.8
259.0,Tyrese Martin,BRK,10.0,15.0,2.3,4.8,0.479,1.8,3.7,0.486,0.5,1.1,0.455,0.4,0.5,0.8,0.6,1.7,2.3,1.2,0.5,0.2,0.6,1.3,6.8
260.0,KJ Martin,PHI,21.0,19.2,2.6,4.0,0.647,0.3,0.8,0.412,2.3,3.2,0.706,1.1,1.4,0.828,0.9,1.8,2.7,0.8,0.4,0.7,0.4,2.5,6.7
261.0,Davion Mitchell,TOR,27.0,26.8,2.5,6.3,0.398,0.9,3.0,0.293,1.6,3.3,0.494,0.8,1.1,0.677,0.5,1.7,2.3,5.0,0.8,0.3,2.0,2.9,6.7
262.0,Josh Okogie,PHO,15.0,13.5,2.5,4.8,0.514,0.7,1.6,0.417,1.8,3.2,0.563,1.1,1.5,0.696,1.3,1.7,2.9,0.5,0.9,0.3,0.7,1.0,6.7
263.0,Elfrid Payton,NOP,7.0,20.6,3.3,6.6,0.5,0.0,0.1,0.0,3.3,6.4,0.511,0.1,0.3,0.5,0.7,2.7,3.4,6.9,1.4,0.4,2.9,1.4,6.7
264.0,Keon Ellis,SAC,25.0,21.0,2.1,4.5,0.464,1.3,3.2,0.407,0.8,1.2,0.613,1.1,1.3,0.844,0.8,1.4,2.2,1.1,1.2,0.9,0.8,2.0,6.6
265.0,Quenton Jackson,IND,15.0,16.1,2.6,5.0,0.52,0.6,1.6,0.375,2.0,3.4,0.588,0.8,1.1,0.706,0.7,1.1,1.8,1.9,0.6,0.3,0.7,1.9,6.6
266.0,Isaac Okoro,CLE,23.0,21.0,2.3,4.7,0.495,1.3,2.7,0.492,1.0,2.0,0.5,0.7,0.9,0.714,0.9,1.3,2.3,1.7,0.7,0.4,0.4,2.0,6.6
267.0,Jaden Hardy,DAL,22.0,14.5,2.4,6.0,0.391,0.8,2.7,0.305,1.5,3.4,0.459,1.0,1.1,0.88,0.2,1.2,1.4,1.2,0.6,0.0,1.4,1.4,6.5
268.0,Kelly Olynyk,TOR,4.0,13.5,2.0,5.8,0.348,0.8,2.0,0.375,1.3,3.8,0.333,1.8,2.5,0.7,1.0,2.8,3.8,1.3,1.8,0.3,1.3,2.0,6.5
269.0,Simone Fontecchio,DET,25.0,18.2,2.0,5.2,0.392,1.2,3.5,0.345,0.8,1.7,0.488,1.2,1.4,0.806,0.5,2.4,2.9,0.9,0.2,0.2,0.8,1.3,6.4
270.0,Jaxson Hayes,LAL,11.0,17.5,2.4,3.3,0.722,0.0,0.0,,2.4,3.3,0.722,1.6,2.1,0.783,1.9,2.6,4.5,0.8,0.4,0.8,0.7,2.5,6.4
271.0,Ron Holland,DET,27.0,16.3,2.5,5.4,0.466,0.4,2.1,0.214,2.1,3.3,0.622,0.9,1.2,0.781,0.6,2.5,3.1,0.7,0.5,0.2,1.0,1.6,6.4
272.0,Kevin Love,MIA,14.0,11.8,2.2,6.0,0.369,1.3,3.5,0.367,0.9,2.5,0.371,0.7,1.1,0.667,1.0,3.7,4.7,1.3,0.9,0.1,0.8,0.9,6.4
273.0,Marcus Sasser,DET,18.0,13.8,2.6,4.8,0.54,0.9,2.2,0.41,1.7,2.7,0.646,0.3,0.3,1.0,0.4,0.6,1.0,1.7,0.9,0.2,0.8,0.9,6.4
274.0,Javonte Green,NOP,25.0,23.0,2.2,5.1,0.425,0.7,2.2,0.304,1.5,2.8,0.521,1.3,1.7,0.762,1.0,2.3,3.3,0.8,1.1,0.7,0.6,1.3,6.3
275.0,Jonathan Isaac,ORL,22.0,16.8,2.3,5.2,0.447,0.8,2.7,0.305,1.5,2.5,0.6,0.9,1.3,0.679,1.7,3.0,4.6,0.2,0.9,1.5,0.4,1.5,6.3
276.0,Terance Mann,LAC,23.0,21.0,2.4,5.6,0.438,0.7,2.0,0.34,1.7,3.5,0.494,0.7,1.0,0.667,1.0,2.0,3.1,1.7,1.0,0.2,0.6,2.0,6.3
277.0,Max Christie,LAL,25.0,20.3,1.9,4.6,0.417,0.7,2.1,0.321,1.2,2.5,0.5,1.6,1.9,0.854,0.7,1.6,2.3,1.3,0.8,0.4,0.8,1.4,6.2
278.0,Ryan Dunn,PHO,21.0,17.5,2.4,5.7,0.429,1.1,3.6,0.316,1.3,2.0,0.628,0.2,0.6,0.417,0.6,2.0,2.6,0.7,0.5,0.6,0.6,2.3,6.2
279.0,Shake Milton,BRK,22.0,16.4,2.3,5.0,0.455,0.9,2.3,0.4,1.4,2.7,0.5,0.7,1.0,0.727,0.6,1.2,1.8,2.0,0.5,0.0,0.6,1.4,6.2
280.0,Malaki Branham,SAS,20.0,12.6,2.2,5.0,0.44,0.9,2.2,0.395,1.4,2.9,0.474,0.9,1.0,0.85,0.2,1.4,1.5,1.3,0.4,0.1,1.3,0.7,6.1
281.0,Donovan Clingan,POR,19.0,17.1,2.5,4.8,0.527,0.2,0.6,0.25,2.4,4.2,0.57,0.8,1.2,0.727,3.2,3.7,6.8,0.5,0.5,2.1,1.2,3.1,6.1
282.0,Pelle Larsson,MIA,15.0,16.3,2.3,4.2,0.54,0.7,1.9,0.379,1.5,2.3,0.676,0.7,1.3,0.55,0.7,1.3,2.0,1.5,0.6,0.0,0.5,2.1,6.0
283.0,Dariq Whitehead,BRK,3.0,8.7,2.0,3.7,0.545,2.0,3.3,0.6,0.0,0.3,0.0,0.0,0.0,,0.0,1.0,1.0,0.3,0.7,0.3,1.0,0.3,6.0
284.0,Isaiah Stewart,DET,27.0,21.4,2.4,4.3,0.552,0.2,0.8,0.238,2.2,3.5,0.621,1.1,1.2,0.879,2.2,3.7,6.0,1.7,0.5,1.3,1.1,2.7,6.0
285.0,Lindy Waters III,GSW,21.0,18.0,2.2,5.6,0.393,1.4,4.0,0.361,0.8,1.6,0.471,0.2,0.2,0.8,0.5,2.1,2.7,1.4,0.7,0.2,0.4,1.7,6.0
286.0,James Wiseman,IND,1.0,5.0,2.0,4.0,0.5,0.0,1.0,0.0,2.0,3.0,0.667,2.0,2.0,1.0,0.0,1.0,1.0,0.0,0.0,0.0,0.0,0.0,6.0
287.0,Keon Johnson,BRK,24.0,17.5,2.2,6.2,0.349,1.2,3.9,0.312,1.0,2.3,0.411,0.4,0.5,0.75,0.5,2.3,2.9,1.1,0.5,0.3,1.0,2.3,5.9
288.0,Cam Whitmore,HOU,8.0,9.9,2.3,6.0,0.375,0.1,2.6,0.048,2.1,3.4,0.63,1.3,2.0,0.625,0.5,0.9,1.4,0.5,0.1,0.1,0.4,1.1,5.9
289.0,Kenrich Williams,OKC,15.0,13.1,2.3,4.0,0.567,0.9,2.2,0.424,1.3,1.8,0.741,0.4,0.4,1.0,0.8,2.1,2.9,0.9,0.6,0.3,0.2,1.7,5.9
290.0,Jamison Battle,TOR,24.0,13.6,2.0,4.2,0.485,1.4,3.1,0.44,0.7,1.1,0.615,0.4,0.5,0.818,0.6,1.4,2.0,0.9,0.1,0.2,0.3,1.2,5.8
291.0,Jared Butler,WAS,19.0,11.2,2.3,5.0,0.463,0.4,1.3,0.28,1.9,3.7,0.529,0.8,1.2,0.727,0.3,0.7,1.0,2.6,0.4,0.1,0.8,1.3,5.8
292.0,Zach Collins,SAS,24.0,14.2,2.1,4.4,0.476,0.5,1.5,0.333,1.6,2.9,0.551,1.2,1.3,0.875,1.2,2.2,3.3,1.8,0.5,0.5,0.9,2.2,5.8
293.0,Ben Sheppard,IND,13.0,20.9,2.2,5.1,0.424,1.5,3.6,0.404,0.7,1.5,0.474,0.0,0.0,,0.4,1.8,2.2,1.3,0.4,0.3,0.4,2.5,5.8
294.0,JT Thor,CLE,4.0,5.3,1.8,2.0,0.875,0.8,0.8,1.0,1.0,1.3,0.8,1.5,1.5,1.0,0.3,0.5,0.8,0.0,0.5,0.8,0.5,1.0,5.8
295.0,Lonzo Ball,CHI,10.0,17.6,1.8,5.2,0.346,1.4,4.3,0.326,0.4,0.9,0.444,0.7,0.7,1.0,0.3,2.9,3.2,3.8,1.1,0.6,0.9,1.2,5.7
296.0,Neemias Queta,BOS,22.0,17.5,2.4,3.8,0.631,0.0,0.1,0.0,2.4,3.7,0.646,0.8,1.1,0.75,1.7,3.2,4.9,0.8,0.3,1.0,0.8,2.1,5.6
297.0,Jarace Walker,IND,27.0,18.2,2.0,4.7,0.421,1.0,2.6,0.38,1.0,2.0,0.473,0.7,1.1,0.613,0.4,3.2,3.7,1.5,1.1,0.3,1.4,1.7,5.6
298.0,Alex Caruso,OKC,17.0,20.0,2.2,5.7,0.381,0.8,3.2,0.259,1.4,2.5,0.535,0.3,0.4,0.714,0.6,2.4,2.9,2.3,1.8,0.6,0.8,2.3,5.5
299.0,Ajay Mitchell,OKC,25.0,15.7,2.2,4.6,0.478,0.5,1.2,0.419,1.7,3.4,0.5,0.6,0.7,0.824,0.4,1.1,1.5,1.7,0.8,0.1,0.8,1.8,5.5
300.0,Jonathan Mogbo,TOR,27.0,17.3,2.1,4.4,0.475,0.3,0.7,0.35,1.8,3.6,0.5,1.1,1.6,0.698,2.1,2.5,4.6,1.7,0.8,0.4,0.9,1.9,5.5
301.0,Dru Smith,MIA,11.0,18.6,2.0,4.2,0.478,1.0,2.0,0.5,1.0,2.2,0.458,0.5,0.7,0.75,0.9,1.9,2.8,1.6,1.4,0.5,1.0,1.9,5.5
302.0,Matas Buzelis,CHI,26.0,12.9,1.8,4.8,0.381,0.9,2.5,0.354,1.0,2.3,0.41,0.8,1.0,0.808,0.5,2.2,2.7,0.5,0.3,0.8,0.7,1.4,5.4
303.0,Trey Lyles,SAC,18.0,19.6,1.8,5.1,0.363,1.2,3.7,0.333,0.6,1.4,0.44,0.6,0.8,0.714,0.8,3.1,3.9,0.9,0.6,0.6,0.6,1.4,5.4
304.0,David Roddy,ATL,14.0,14.6,1.9,3.4,0.563,0.7,1.7,0.417,1.2,1.7,0.708,0.8,0.9,0.846,0.3,2.6,2.9,1.4,0.4,0.2,0.9,0.8,5.4
305.0,Kobe Bufkin,ATL,10.0,12.4,1.8,4.7,0.383,0.4,1.9,0.211,1.4,2.8,0.5,1.3,1.8,0.722,0.5,1.6,2.1,1.7,0.3,0.2,0.8,0.9,5.3
306.0,Alec Burks,MIA,12.0,15.1,1.8,3.8,0.457,1.3,2.7,0.469,0.5,1.2,0.429,0.5,0.7,0.75,0.3,1.6,1.9,1.3,0.5,0.3,0.2,0.4,5.3
307.0,Kevon Looney,GSW,23.0,16.6,2.3,4.3,0.535,0.0,0.0,,2.3,4.3,0.535,0.7,1.6,0.459,3.4,4.3,7.7,1.9,0.8,0.3,0.7,2.4,5.3
308.0,Ben Simmons,BRK,20.0,23.9,2.5,4.2,0.595,0.0,0.0,,2.5,4.2,0.595,0.3,0.5,0.6,0.9,4.6,5.5,6.6,0.9,0.6,2.6,2.5,5.3
309.0,Cam Spencer,MEM,3.0,15.3,1.7,3.3,0.5,0.7,1.7,0.4,1.0,1.7,0.6,1.3,1.3,1.0,0.3,1.7,2.0,2.3,0.3,0.3,0.7,1.7,5.3
310.0,Vince Williams Jr.,MEM,3.0,15.0,2.3,6.3,0.368,0.3,2.7,0.125,2.0,3.7,0.545,0.3,1.3,0.25,1.3,2.3,3.7,3.0,0.0,0.7,2.3,3.0,5.3
311.0,Cole Anthony,ORL,25.0,11.0,1.8,4.7,0.381,0.6,2.1,0.308,1.2,2.6,0.439,0.9,1.3,0.719,0.3,1.6,2.0,2.0,0.4,0.2,1.1,1.3,5.2
312.0,Torrey Craig,CHI,6.0,11.2,1.8,3.7,0.5,1.2,3.0,0.389,0.7,0.7,1.0,0.3,0.3,1.0,0.5,1.7,2.2,0.5,0.2,0.2,0.0,1.7,5.2
313.0,Monte Morris,PHO,20.0,12.3,1.9,4.2,0.446,0.7,2.0,0.35,1.2,2.2,0.535,0.8,0.9,0.833,0.3,1.2,1.5,1.6,0.5,0.2,0.5,0.5,5.2
314.0,Dean Wade,CLE,19.0,22.0,1.7,5.1,0.344,1.3,4.3,0.305,0.4,0.7,0.571,0.4,1.1,0.4,0.9,3.9,4.8,1.3,1.0,0.4,0.3,1.5,5.2
315.0,Eric Gordon,PHI,17.0,17.1,1.6,4.8,0.341,0.8,2.8,0.277,0.9,2.1,0.429,1.0,1.3,0.773,0.2,0.8,0.9,1.3,0.6,0.3,0.8,0.8,5.1
316.0,Kyle Lowry,PHI,17.0,21.6,1.5,4.0,0.368,1.1,3.1,0.346,0.4,0.9,0.438,1.1,1.4,0.783,0.4,1.6,2.0,2.8,1.1,0.4,0.8,1.9,5.1
317.0,Cam Christie,LAC,1.0,18.0,2.0,7.0,0.286,1.0,4.0,0.25,1.0,3.0,0.333,0.0,0.0,,1.0,2.0,3.0,0.0,2.0,0.0,1.0,0.0,5.0
318.0,Ricky Council IV,PHI,19.0,12.1,1.6,4.1,0.39,0.4,1.6,0.233,1.2,2.5,0.489,1.5,1.8,0.824,0.5,1.4,1.9,0.8,0.3,0.2,0.3,0.7,5.0
319.0,Luke Kornet,BOS,20.0,17.3,1.8,2.8,0.643,0.0,0.0,,1.8,2.8,0.643,1.4,1.7,0.794,2.0,2.8,4.8,1.6,0.5,1.1,0.5,1.3,5.0
320.0,Svi Mykhailiuk,UTA,6.0,13.5,1.7,4.5,0.37,1.2,3.7,0.318,0.5,0.8,0.6,0.5,0.7,0.75,0.2,1.5,1.7,1.3,0.8,0.2,1.7,1.3,5.0
321.0,Alondes Williams,DET,1.0,4.0,2.0,2.0,1.0,1.0,1.0,1.0,1.0,1.0,1.0,0.0,0.0,,0.0,0.0,0.0,1.0,0.0,0.0,0.0,0.0,5.0
322.0,Pat Connaughton,MIL,15.0,17.0,1.7,4.7,0.371,0.9,2.9,0.295,0.9,1.7,0.5,0.6,0.8,0.75,0.5,2.5,3.0,1.7,0.2,0.3,0.7,1.3,4.9
323.0,Paul Reed,DET,13.0,10.5,1.8,3.3,0.535,0.3,0.8,0.364,1.5,2.5,0.594,1.1,1.3,0.824,0.6,1.3,1.9,0.6,0.8,0.5,0.7,1.7,4.9
324.0,Tidjane SalaÃ¼n,CHO,22.0,19.0,1.6,5.0,0.327,1.0,3.3,0.288,0.7,1.7,0.405,0.7,1.0,0.682,0.9,3.2,4.0,1.0,0.5,0.2,0.8,1.4,4.9
325.0,Kyle Anderson,GSW,23.0,14.2,1.9,4.7,0.411,0.4,1.5,0.286,1.5,3.1,0.472,0.6,0.9,0.65,0.5,2.4,2.9,2.3,0.8,0.4,0.5,1.0,4.8
326.0,Marvin Bagley III,WAS,18.0,8.4,2.0,3.8,0.529,0.1,0.6,0.2,1.9,3.2,0.586,0.7,1.1,0.632,1.4,1.3,2.8,0.3,0.3,0.3,0.6,0.7,4.8
327.0,Mo Bamba,LAC,12.0,13.5,1.8,4.0,0.438,0.5,1.8,0.273,1.3,2.2,0.577,0.8,1.1,0.692,0.7,3.3,4.0,0.8,0.7,1.1,0.7,2.2,4.8
328.0,Julian Phillips,CHI,26.0,14.0,1.7,3.9,0.441,0.8,2.4,0.339,0.9,1.5,0.6,0.5,0.9,0.609,0.7,1.2,2.0,0.4,0.7,0.3,0.5,1.5,4.8
329.0,Jamal Shead,TOR,25.0,14.0,1.9,4.7,0.402,0.6,1.9,0.34,1.2,2.8,0.443,0.4,0.5,0.75,0.2,0.8,1.0,2.9,0.5,0.1,1.3,1.8,4.8
330.0,Taylor Hendricks,UTA,3.0,25.0,1.3,6.0,0.222,1.0,4.0,0.25,0.3,2.0,0.167,1.0,1.3,0.75,1.7,3.3,5.0,0.7,1.7,1.3,0.7,2.7,4.7
331.0,Keaton Wallace,ATL,12.0,16.2,1.8,4.6,0.4,0.7,2.2,0.308,1.2,2.4,0.483,0.3,0.3,1.0,0.2,1.3,1.5,1.8,0.8,0.5,1.0,1.1,4.7
332.0,Charles Bassey,SAS,17.0,11.0,2.0,3.5,0.576,0.0,0.0,,2.0,3.5,0.576,0.6,1.2,0.524,1.5,2.5,4.1,0.5,0.4,1.2,0.7,1.4,4.6
333.0,Seth Curry,CHO,24.0,12.0,1.7,3.6,0.477,0.8,1.9,0.444,0.9,1.7,0.512,0.4,0.5,0.818,0.4,0.9,1.3,0.3,0.4,0.2,0.3,1.0,4.6
334.0,Sandro Mamukelashvili,SAS,19.0,9.6,1.6,2.9,0.545,0.9,2.0,0.447,0.7,0.9,0.765,0.6,0.8,0.733,0.6,2.3,2.9,0.4,0.2,0.3,0.5,0.6,4.6
335.0,Gary Payton II,GSW,25.0,13.4,2.1,3.9,0.541,0.2,1.2,0.138,2.0,2.8,0.71,0.2,0.4,0.545,1.3,1.6,2.8,1.2,0.8,0.4,0.6,1.4,4.6
336.0,Antonio Reeves,NOP,14.0,9.9,1.8,4.5,0.397,0.6,2.2,0.258,1.2,2.3,0.531,0.4,0.5,0.857,0.4,0.9,1.2,0.5,0.4,0.0,0.3,0.5,4.6
337.0,Drew Eubanks,UTA,20.0,13.6,1.8,3.1,0.581,0.1,0.2,0.333,1.8,3.0,0.593,0.9,1.4,0.63,1.2,2.8,4.0,1.2,0.3,0.7,0.8,1.2,4.5
338.0,Kris Murray,POR,21.0,12.7,1.8,3.8,0.475,0.5,1.6,0.333,1.3,2.2,0.574,0.4,1.0,0.4,1.0,1.2,2.3,0.7,0.4,0.1,0.6,1.0,4.5
339.0,Thomas Bryant,2TM,11.0,11.5,1.4,2.8,0.484,0.6,1.6,0.389,0.7,1.2,0.615,1.0,1.0,1.0,0.5,2.5,3.1,0.4,0.1,0.9,0.2,0.8,4.4
339.0,Thomas Bryant,MIA,10.0,11.5,1.2,2.8,0.429,0.6,1.7,0.353,0.6,1.1,0.545,1.1,1.1,1.0,0.6,2.6,3.2,0.4,0.1,0.9,0.2,0.9,4.1
339.0,Thomas Bryant,IND,1.0,11.0,3.0,3.0,1.0,1.0,1.0,1.0,2.0,2.0,1.0,0.0,0.0,,0.0,2.0,2.0,0.0,0.0,1.0,0.0,0.0,7.0
340.0,Jamal Cain,NOP,16.0,14.1,1.6,3.4,0.455,0.6,1.8,0.321,1.0,1.7,0.593,0.6,1.0,0.625,0.9,1.9,2.8,0.6,0.5,0.4,0.4,1.3,4.3
341.0,Wendell Moore Jr.,DET,12.0,14.3,1.6,3.0,0.528,0.3,0.8,0.333,1.3,2.3,0.593,0.9,1.0,0.917,0.8,2.3,3.1,1.2,0.7,0.3,0.7,1.1,4.3
342.0,Precious Achiuwa,NYK,5.0,18.4,1.6,3.8,0.421,0.0,0.6,0.0,1.6,3.2,0.5,1.0,2.0,0.5,1.4,4.6,6.0,1.2,0.8,1.0,0.8,1.2,4.2
343.0,Oso Ighodaro,PHO,20.0,16.6,1.9,3.0,0.617,0.0,0.0,,1.9,3.0,0.617,0.5,0.7,0.769,1.2,2.7,3.9,1.0,0.5,0.3,0.6,1.8,4.2
344.0,Reggie Jackson,PHI,11.0,11.3,1.5,3.7,0.415,1.1,2.5,0.444,0.5,1.3,0.357,0.0,0.0,,0.1,0.7,0.8,2.0,0.5,0.3,0.6,0.8,4.2
345.0,Mason Plumlee,PHO,24.0,17.5,1.6,2.9,0.557,0.0,0.0,,1.6,2.9,0.557,1.0,1.8,0.548,1.6,4.5,6.1,1.6,0.4,0.8,0.9,2.0,4.2
346.0,Dalen Terry,CHI,25.0,13.5,1.5,3.0,0.5,0.4,1.1,0.37,1.1,1.9,0.574,0.9,1.1,0.786,0.6,0.8,1.4,0.9,0.6,0.3,0.8,1.4,4.2
347.0,Gary Harris,ORL,17.0,16.6,1.4,3.5,0.4,1.0,2.7,0.37,0.4,0.8,0.5,0.2,0.4,0.667,0.5,0.8,1.4,0.4,0.5,0.3,0.4,0.8,4.1
348.0,Isaac Jones,SAC,16.0,9.3,1.8,2.8,0.644,0.1,0.3,0.25,1.8,2.6,0.683,0.4,0.9,0.467,0.5,1.0,1.5,0.1,0.1,0.4,0.6,1.4,4.1
349.0,Tre Jones,SAS,8.0,17.5,1.3,3.8,0.333,0.4,1.5,0.25,0.9,2.3,0.389,1.3,1.8,0.714,0.6,1.8,2.4,3.3,0.6,0.3,0.6,1.5,4.1
350.0,Doug McDermott,SAC,20.0,9.1,1.4,3.2,0.438,1.2,2.7,0.426,0.3,0.5,0.5,0.2,0.3,0.6,0.1,0.7,0.8,0.2,0.1,0.1,0.1,0.9,4.1
351.0,Blake Wesley,SAS,21.0,11.8,1.6,3.5,0.459,0.2,1.0,0.2,1.4,2.6,0.556,0.7,1.0,0.714,0.3,0.6,0.9,2.0,0.4,0.1,1.0,0.6,4.1
352.0,Aaron Holiday,HOU,16.0,9.4,1.3,2.9,0.457,0.9,2.2,0.429,0.4,0.7,0.545,0.4,0.6,0.778,0.0,0.9,0.9,1.3,0.1,0.1,0.3,0.6,4.0
353.0,Richaun Holmes,WAS,3.0,6.7,1.7,3.3,0.5,0.0,0.3,0.0,1.7,3.0,0.556,0.7,0.7,1.0,0.7,1.0,1.7,0.0,0.0,0.7,0.7,0.3,4.0
354.0,Jett Howard,ORL,26.0,10.5,1.4,3.8,0.37,0.9,3.0,0.312,0.5,0.9,0.565,0.2,0.3,0.857,0.4,0.8,1.2,0.5,0.2,0.2,0.3,0.9,4.0
355.0,Micah Potter,UTA,5.0,20.2,1.4,3.8,0.368,1.2,3.2,0.375,0.2,0.6,0.333,0.0,0.0,,2.0,4.6,6.6,1.0,0.2,0.6,1.0,1.2,4.0
356.0,Josh Richardson,MIA,8.0,18.8,1.4,4.8,0.289,0.8,2.8,0.273,0.6,2.0,0.313,0.5,0.5,1.0,0.8,0.8,1.5,1.5,1.0,0.1,1.0,2.1,4.0
357.0,Rob Dillingham,MIN,13.0,8.4,1.6,3.4,0.477,0.7,1.4,0.5,0.9,2.0,0.462,0.0,0.0,,0.1,0.7,0.8,1.5,0.2,0.0,1.0,0.3,3.9
358.0,Jock Landale,HOU,14.0,11.1,1.5,3.4,0.447,0.2,0.4,0.5,1.3,2.9,0.439,0.7,1.4,0.526,1.4,1.9,3.3,1.0,0.2,0.4,0.5,1.0,3.9
359.0,KJ Simpson,CHO,9.0,13.3,1.3,4.4,0.3,0.3,2.2,0.15,1.0,2.2,0.45,0.9,1.1,0.8,1.0,0.7,1.7,2.0,0.6,0.2,1.0,1.4,3.9
360.0,Gabe Vincent,LAL,26.0,19.0,1.5,4.3,0.345,0.7,2.6,0.279,0.8,1.7,0.444,0.2,0.3,0.5,0.3,0.8,1.2,0.8,0.9,0.2,0.6,1.9,3.9
361.0,Luka Garza,MIN,8.0,4.5,1.5,2.6,0.571,0.1,0.8,0.167,1.4,1.9,0.733,0.6,1.0,0.625,0.5,0.6,1.1,0.0,0.1,0.0,0.4,0.5,3.8
362.0,Damion Lee,PHO,4.0,9.3,1.0,3.5,0.286,0.3,2.3,0.111,0.8,1.3,0.6,1.5,1.5,1.0,0.0,1.3,1.3,1.3,0.5,0.0,0.8,0.3,3.8
363.0,Cam Reddish,LAL,19.0,19.8,1.3,2.7,0.481,0.5,1.5,0.357,0.8,1.3,0.625,0.6,0.9,0.706,0.5,1.6,2.1,0.8,1.2,0.3,0.5,1.6,3.8
364.0,Reed Sheppard,HOU,24.0,11.8,1.5,4.1,0.357,0.7,2.3,0.304,0.8,1.8,0.429,0.2,0.2,1.0,0.3,0.8,1.0,1.3,0.5,0.3,0.6,1.0,3.8
365.0,Nicolas Batum,LAC,27.0,18.1,1.2,3.2,0.384,1.0,2.5,0.382,0.3,0.7,0.389,0.3,0.4,0.7,0.7,2.0,2.7,1.4,0.5,0.4,0.5,1.4,3.7
366.0,Andre Jackson Jr.,MIL,24.0,18.0,1.4,3.5,0.41,0.7,1.8,0.381,0.8,1.7,0.439,0.2,0.3,0.5,0.8,2.3,3.1,1.4,0.8,0.3,1.3,2.6,3.7
367.0,Bruno Fernando,TOR,16.0,8.9,1.6,3.0,0.542,0.0,0.0,,1.6,3.0,0.542,0.4,0.5,0.75,1.3,1.8,3.1,1.1,0.3,0.6,0.9,1.6,3.6
368.0,Patty Mills,UTA,9.0,15.3,1.2,3.4,0.355,0.8,2.7,0.292,0.4,0.8,0.571,0.3,0.3,1.0,0.1,0.8,0.9,1.4,0.7,0.2,0.9,0.9,3.6
369.0,Johnny Davis,WAS,19.0,9.6,1.4,3.0,0.474,0.3,0.9,0.333,1.1,2.1,0.538,0.4,0.6,0.636,0.4,1.3,1.6,0.4,0.6,0.3,0.2,0.8,3.5
370.0,Ousmane Dieng,OKC,16.0,11.6,1.3,3.7,0.339,0.6,2.3,0.25,0.7,1.4,0.478,0.4,0.7,0.636,0.6,2.1,2.6,0.8,0.7,0.3,0.3,1.1,3.5
371.0,Rayan Rupert,POR,21.0,10.6,1.3,3.0,0.438,0.4,1.4,0.31,0.9,1.7,0.543,0.4,0.6,0.667,0.8,0.8,1.6,0.5,0.3,0.1,0.6,0.8,3.5
372.0,Daniel Theis,NOP,19.0,14.2,1.4,3.2,0.426,0.3,1.0,0.263,1.1,2.2,0.5,0.5,0.6,0.833,0.8,2.5,3.4,1.3,0.4,0.6,0.6,1.6,3.5
373.0,Dario Å ariÄ,DEN,10.0,13.6,1.2,4.0,0.3,0.5,1.9,0.263,0.7,2.1,0.333,0.5,0.6,0.833,0.9,2.6,3.5,1.1,0.6,0.0,1.1,1.4,3.4
374.0,Bol Bol,PHO,7.0,5.3,1.3,2.1,0.6,0.1,0.7,0.2,1.1,1.4,0.8,0.6,0.9,0.667,0.6,1.0,1.6,0.1,0.0,0.0,0.4,0.1,3.3
375.0,Jae Crowder,SAC,6.0,14.8,1.0,2.8,0.353,0.5,2.0,0.25,0.5,0.8,0.6,0.8,1.0,0.833,1.0,1.8,2.8,0.7,0.5,0.0,0.7,1.7,3.3
376.0,Moussa DiabatÃ©,CHO,24.0,19.3,1.5,2.6,0.581,0.0,0.0,,1.5,2.6,0.581,0.3,0.7,0.353,3.5,3.9,7.4,0.7,0.7,0.9,1.0,1.9,3.3
377.0,Moses Brown,IND,9.0,5.1,1.4,2.2,0.65,0.0,0.0,,1.4,2.2,0.65,0.3,0.6,0.6,0.4,1.0,1.4,0.0,0.2,0.1,0.7,0.7,3.2
378.0,Isaiah Collier,UTA,18.0,16.8,1.3,4.1,0.311,0.2,1.6,0.138,1.1,2.5,0.422,0.4,1.0,0.444,0.1,1.6,1.7,3.2,0.9,0.2,2.2,1.7,3.2
379.0,Johnny Furphy,IND,17.0,10.2,1.1,2.7,0.391,0.6,1.6,0.393,0.4,1.1,0.389,0.4,0.4,1.0,0.6,0.8,1.4,0.4,0.4,0.3,0.5,1.0,3.2
380.0,Nick Smith Jr.,CHO,13.0,9.3,1.2,3.7,0.333,0.6,2.0,0.308,0.6,1.7,0.364,0.0,0.0,,0.1,0.8,0.8,0.8,0.3,0.1,0.2,0.6,3.1
381.0,Cody Williams,UTA,16.0,18.7,1.1,4.2,0.269,0.4,2.3,0.189,0.7,1.9,0.367,0.4,0.6,0.6,0.5,1.8,2.3,1.2,0.4,0.3,0.7,1.3,3.1
382.0,David Duke Jr.,SAS,1.0,8.0,1.0,4.0,0.25,0.0,1.0,0.0,1.0,3.0,0.333,1.0,2.0,0.5,0.0,0.0,0.0,2.0,0.0,0.0,0.0,1.0,3.0
383.0,Collin Gillespie,PHO,1.0,3.0,1.0,2.0,0.5,1.0,1.0,1.0,0.0,1.0,0.0,0.0,0.0,,0.0,0.0,0.0,0.0,0.0,0.0,0.0,0.0,3.0
384.0,Taze Moore,POR,2.0,10.0,1.0,5.0,0.2,0.5,2.0,0.25,0.5,3.0,0.167,0.5,1.0,0.5,2.0,2.0,4.0,0.5,1.0,0.0,1.0,0.0,3.0
385.0,Quincy Olivari,LAL,1.0,8.0,1.0,3.0,0.333,1.0,3.0,0.333,0.0,0.0,,0.0,0.0,,0.0,0.0,0.0,0.0,0.0,0.0,1.0,0.0,3.0
386.0,Oscar Tshiebwe,UTA,1.0,16.0,0.0,0.0,,0.0,0.0,,0.0,0.0,,3.0,4.0,0.75,3.0,6.0,9.0,0.0,2.0,0.0,1.0,3.0,3.0
387.0,Hunter Tyson,DEN,16.0,9.4,0.9,1.9,0.5,0.4,1.1,0.333,0.6,0.8,0.75,0.8,0.8,0.923,0.4,1.4,1.8,0.5,0.2,0.2,0.5,1.2,3.0
388.0,Jabari Walker,POR,21.0,11.1,1.2,3.0,0.391,0.1,0.9,0.158,1.0,2.1,0.489,0.5,0.6,0.846,0.9,2.2,3.1,0.6,0.4,0.1,0.6,1.3,3.0
389.0,Kobe Brown,LAC,7.0,6.7,1.3,2.9,0.45,0.1,0.9,0.167,1.1,2.0,0.571,0.1,0.3,0.5,0.7,1.6,2.3,0.6,0.1,0.0,0.0,0.7,2.9
390.0,Tyler Kolek,NYK,16.0,6.9,1.0,2.3,0.432,0.6,1.4,0.455,0.4,0.9,0.4,0.3,0.3,1.0,0.1,0.6,0.8,0.7,0.4,0.1,0.4,0.6,2.9
391.0,Drew Peterson,BOS,7.0,11.6,0.7,2.1,0.333,0.6,1.9,0.308,0.1,0.3,0.5,0.9,1.0,0.857,0.6,1.7,2.3,0.6,0.3,0.3,0.4,1.0,2.9
392.0,Craig Porter Jr.,CLE,16.0,9.4,1.1,1.9,0.581,0.3,0.7,0.455,0.8,1.3,0.65,0.2,0.3,0.6,0.1,0.8,0.9,1.4,0.3,0.4,0.6,0.4,2.8
393.0,Ryan Rollins,MIL,11.0,6.5,0.9,2.3,0.4,0.5,1.1,0.5,0.4,1.2,0.308,0.5,0.5,0.833,0.3,0.7,1.0,0.8,0.6,0.4,0.6,0.9,2.8
394.0,Steven Adams,HOU,14.0,10.7,1.0,1.7,0.583,0.0,0.0,,1.0,1.7,0.583,0.7,1.7,0.417,1.6,1.9,3.4,1.0,0.2,0.1,1.3,1.1,2.7
395.0,Tristan Thompson,CLE,10.0,7.6,1.3,2.4,0.542,0.0,0.1,0.0,1.3,2.3,0.565,0.1,1.0,0.1,0.5,1.9,2.4,0.4,0.0,0.4,0.5,0.9,2.7
396.0,TyTy Washington Jr.,PHO,3.0,9.0,1.0,2.0,0.5,0.7,1.0,0.667,0.3,1.0,0.333,0.0,0.0,,0.0,0.3,0.3,1.3,0.7,0.0,0.3,0.0,2.7
397.0,Delon Wright,MIL,18.0,15.9,0.9,2.9,0.321,0.5,1.8,0.281,0.4,1.2,0.381,0.3,0.6,0.5,0.6,1.2,1.8,1.6,0.7,0.3,0.4,0.6,2.7
398.0,Taj Gibson,CHO,14.0,10.8,1.1,2.4,0.471,0.1,0.1,0.5,1.1,2.3,0.469,0.3,0.4,0.667,1.5,1.7,3.2,0.5,0.4,0.2,0.6,1.3,2.6
399.0,DeAndre Jordan,DEN,12.0,10.2,1.2,2.0,0.583,0.0,0.0,,1.2,2.0,0.583,0.2,0.7,0.25,1.0,2.7,3.7,1.1,0.3,0.3,0.9,1.2,2.5
400.0,John Konchar,MEM,13.0,11.9,0.8,1.7,0.5,0.5,1.4,0.389,0.3,0.3,1.0,0.2,0.3,0.75,0.9,1.9,2.8,0.8,0.5,0.5,0.5,0.8,2.5
401.0,Vit Krejci,ATL,13.0,11.2,0.9,2.7,0.343,0.3,1.3,0.235,0.6,1.4,0.444,0.4,0.7,0.556,0.5,1.2,1.7,1.3,0.3,0.2,0.5,1.6,2.5
402.0,E.J. Liddell,CHI,6.0,5.2,0.8,1.3,0.625,0.5,1.0,0.5,0.3,0.3,1.0,0.3,0.3,1.0,0.2,0.7,0.8,0.5,0.2,0.2,0.3,1.3,2.5
403.0,Chris Duarte,CHI,12.0,4.2,0.8,1.5,0.5,0.4,1.0,0.417,0.3,0.5,0.667,0.5,0.7,0.75,0.3,0.8,1.2,0.3,0.0,0.0,0.1,0.4,2.4
404.0,Anthony Gill,WAS,20.0,7.5,0.9,1.7,0.5,0.2,0.6,0.333,0.7,1.1,0.591,0.5,0.9,0.556,0.3,1.0,1.3,0.3,0.3,0.1,0.3,0.6,2.4
405.0,Jeff Green,HOU,7.0,5.7,1.0,1.9,0.538,0.4,1.1,0.375,0.6,0.7,0.8,0.0,0.0,,0.0,0.6,0.6,0.1,0.3,0.0,0.3,0.3,2.4
406.0,Dillon Jones,OKC,21.0,8.4,0.9,2.6,0.345,0.3,1.6,0.212,0.6,1.0,0.545,0.2,0.4,0.625,0.8,1.2,2.0,0.7,0.2,0.0,0.4,0.9,2.4
407.0,Josh Minott,MIN,12.0,7.1,1.0,1.7,0.6,0.2,0.8,0.2,0.8,0.8,1.0,0.3,0.4,0.6,0.1,1.1,1.2,0.4,0.3,0.3,0.4,1.0,2.4
408.0,Jae'Sean Tate,HOU,10.0,5.9,0.9,1.6,0.563,0.0,0.2,0.0,0.9,1.4,0.643,0.6,0.9,0.667,0.4,1.8,2.2,0.6,0.5,0.0,0.6,1.0,2.4
409.0,Kel'el Ware,MIA,10.0,6.9,1.0,2.5,0.4,0.2,0.7,0.286,0.8,1.8,0.444,0.2,0.2,1.0,0.2,1.4,1.6,0.1,0.3,0.5,0.4,0.6,2.4
410.0,Vlatko ÄanÄar,DEN,4.0,8.5,1.0,1.8,0.571,0.3,0.5,0.5,0.8,1.3,0.6,0.0,0.0,,0.8,1.3,2.0,0.0,0.0,0.3,0.5,1.0,2.3
411.0,Trey Jemison,NOP,15.0,10.1,0.9,1.9,0.483,0.0,0.0,,0.9,1.9,0.483,0.5,1.1,0.412,1.1,1.4,2.5,0.5,0.5,0.4,0.7,1.6,2.3
412.0,Jordan McLaughlin,SAC,20.0,7.9,0.7,1.9,0.368,0.4,1.1,0.364,0.3,0.8,0.375,0.5,0.7,0.714,0.2,0.8,1.0,1.0,0.5,0.0,0.4,0.6,2.3
413.0,Lester QuiÃ±ones,PHI,4.0,4.3,1.0,2.0,0.5,0.0,0.8,0.0,1.0,1.3,0.8,0.3,0.3,1.0,0.8,0.3,1.0,0.3,0.0,0.0,1.0,0.0,2.3
414.0,Orlando Robinson,SAC,6.0,7.5,0.8,1.8,0.455,0.2,0.7,0.25,0.7,1.2,0.571,0.5,1.0,0.5,0.3,1.5,1.8,1.2,0.3,0.2,0.5,1.0,2.3
415.0,Jeenathan Williams,HOU,3.0,3.3,1.0,1.3,0.75,0.3,0.7,0.5,0.7,0.7,1.0,0.0,0.0,,0.0,1.0,1.0,0.0,0.3,0.0,0.0,0.0,2.3
416.0,Kai Jones,LAC,18.0,8.3,0.8,1.1,0.75,0.0,0.0,,0.8,1.1,0.75,0.5,0.7,0.75,0.7,1.2,1.8,0.4,0.3,0.5,0.4,1.1,2.2
417.0,Patrick Baldwin Jr.,WAS,12.0,4.8,0.8,1.6,0.474,0.4,0.9,0.455,0.3,0.7,0.5,0.2,0.3,0.5,0.3,0.8,1.0,0.1,0.2,0.2,0.2,0.3,2.1
418.0,Olivier-Maxence Prosper,DAL,16.0,6.9,0.8,1.9,0.387,0.3,0.7,0.364,0.5,1.3,0.4,0.3,0.6,0.556,0.7,1.1,1.8,0.4,0.2,0.1,0.1,0.4,2.1
419.0,Duop Reath,POR,13.0,6.4,0.8,2.0,0.385,0.5,1.5,0.368,0.2,0.5,0.429,0.0,0.0,,0.5,0.5,1.0,0.2,0.0,0.2,0.1,0.8,2.1
420.0,Jaylon Tyson,CLE,14.0,7.7,0.9,1.9,0.444,0.2,0.8,0.273,0.6,1.1,0.563,0.2,0.4,0.5,0.7,1.0,1.7,0.8,0.3,0.0,0.4,1.3,2.1
421.0,Ulrich Chomche,TOR,1.0,5.0,1.0,1.0,1.0,0.0,0.0,,1.0,1.0,1.0,0.0,0.0,,0.0,1.0,1.0,0.0,0.0,0.0,0.0,0.0,2.0
422.0,Jeff Dowtin,PHI,8.0,10.0,0.8,2.4,0.316,0.1,1.0,0.125,0.6,1.4,0.455,0.4,0.5,0.75,0.3,0.8,1.0,1.1,0.4,0.0,0.1,0.6,2.0
423.0,Justin Edwards,PHI,2.0,4.5,1.0,1.5,0.667,0.0,0.5,0.0,1.0,1.0,1.0,0.0,0.5,0.0,0.0,1.0,1.0,0.5,0.0,0.0,0.0,0.0,2.0
424.0,Jalen Hood-Schifino,LAL,2.0,7.0,0.5,0.5,1.0,0.0,0.0,,0.5,0.5,1.0,1.0,1.0,1.0,0.5,0.0,0.5,0.5,0.0,0.5,0.5,1.5,2.0
425.0,Bryce McGowens,POR,1.0,3.0,1.0,2.0,0.5,0.0,1.0,0.0,1.0,1.0,1.0,0.0,0.0,,0.0,0.0,0.0,1.0,0.0,0.0,0.0,0.0,2.0
426.0,Alex Reese,OKC,1.0,2.0,1.0,1.0,1.0,0.0,0.0,,1.0,1.0,1.0,0.0,0.0,,1.0,0.0,1.0,0.0,0.0,0.0,0.0,0.0,2.0
427.0,Adama Sanogo,CHI,4.0,5.3,1.0,1.8,0.571,0.0,0.0,,1.0,1.8,0.571,0.0,0.0,,1.3,0.3,1.5,0.3,0.0,0.0,0.3,0.3,2.0
428.0,Tyler Smith,MIL,10.0,3.4,0.8,1.3,0.615,0.3,0.8,0.375,0.5,0.5,1.0,0.1,0.2,0.5,0.1,0.7,0.8,0.1,0.0,0.3,0.3,0.4,2.0
429.0,Ariel Hukporti,NYK,11.0,8.8,0.8,1.3,0.643,0.0,0.0,,0.8,1.3,0.643,0.3,0.5,0.5,0.3,1.5,1.8,0.5,0.0,0.7,0.8,1.3,1.9
430.0,Christian Koloko,LAL,16.0,10.1,0.9,1.4,0.636,0.0,0.1,0.0,0.9,1.3,0.7,0.2,0.3,0.75,0.8,1.5,2.3,0.3,0.3,0.4,0.3,1.3,1.9
431.0,Jericho Sims,NYK,24.0,12.5,0.8,1.1,0.704,0.0,0.0,,0.8,1.1,0.704,0.2,0.3,0.571,1.3,2.3,3.6,0.6,0.3,0.4,0.5,1.3,1.8
432.0,Pacome Dadiet,NYK,11.0,7.0,0.5,1.6,0.333,0.5,1.1,0.417,0.1,0.5,0.167,0.2,0.2,1.0,0.0,1.2,1.2,0.5,0.1,0.2,0.1,0.5,1.7
433.0,Maxi Kleber,DAL,14.0,17.0,0.6,1.9,0.346,0.1,0.6,0.222,0.5,1.2,0.412,0.3,0.4,0.667,0.4,2.6,3.0,0.6,0.1,0.5,0.7,2.1,1.7
434.0,Markieff Morris,DAL,3.0,6.0,0.7,3.0,0.222,0.3,1.0,0.333,0.3,2.0,0.167,0.0,0.0,,0.0,1.7,1.7,0.7,0.0,0.3,0.7,0.0,1.7
435.0,Dwight Powell,DAL,20.0,7.8,0.4,0.5,0.8,0.0,0.0,,0.4,0.5,0.8,0.9,1.2,0.708,0.6,1.1,1.7,0.7,0.4,0.4,0.3,1.3,1.7
436.0,MarJon Beauchamp,MIL,11.0,3.2,0.5,1.5,0.375,0.2,0.7,0.25,0.4,0.7,0.5,0.4,0.4,1.0,0.2,0.6,0.8,0.1,0.1,0.0,0.6,0.3,1.6
437.0,Jevon Carter,CHI,11.0,4.8,0.6,2.1,0.304,0.4,1.5,0.25,0.3,0.6,0.429,0.0,0.0,,0.1,0.6,0.7,0.5,0.3,0.0,0.4,0.1,1.6
438.0,Jalen Pickett,DEN,5.0,8.2,0.6,1.0,0.6,0.4,0.8,0.5,0.2,0.2,1.0,0.0,0.0,,0.2,0.8,1.0,1.6,0.2,0.0,0.4,1.2,1.6
439.0,Pat Spencer,GSW,9.0,5.0,0.7,1.8,0.375,0.0,0.3,0.0,0.7,1.4,0.462,0.2,0.2,1.0,0.4,0.3,0.8,1.3,0.6,0.0,0.4,0.4,1.6
440.0,Adem Bona,PHI,14.0,6.4,0.6,0.9,0.615,0.0,0.0,,0.6,0.9,0.615,0.4,0.4,0.833,0.6,1.1,1.7,0.0,0.0,0.4,0.4,1.1,1.5
441.0,Enrique Freeman,IND,16.0,7.1,0.6,1.2,0.474,0.1,0.3,0.2,0.5,0.9,0.571,0.3,0.6,0.556,0.2,0.6,0.8,0.4,0.1,0.1,0.3,0.9,1.5
442.0,Jaylen Martin,BRK,2.0,1.5,0.5,0.5,1.0,0.5,0.5,1.0,0.0,0.0,,0.0,0.0,,0.0,0.0,0.0,0.0,0.0,0.0,0.0,0.5,1.5
443.0,Armel TraorÃ©,LAL,8.0,7.6,0.6,2.3,0.278,0.0,0.9,0.0,0.6,1.4,0.455,0.3,0.9,0.286,0.1,1.6,1.8,0.1,0.5,0.3,0.3,0.8,1.5
444.0,Adam Flagler,OKC,11.0,3.6,0.5,1.8,0.25,0.5,1.7,0.263,0.0,0.1,0.0,0.0,0.0,,0.2,0.4,0.5,0.0,0.2,0.0,0.0,0.4,1.4
445.0,AJ Johnson,MIL,5.0,2.2,0.6,1.2,0.5,0.2,0.2,1.0,0.4,1.0,0.4,0.0,0.0,,0.0,0.4,0.4,0.2,0.0,0.0,0.4,0.0,1.4
446.0,Matt Ryan,NYK,8.0,5.1,0.5,2.0,0.25,0.4,1.5,0.25,0.1,0.5,0.25,0.0,0.0,,0.0,0.1,0.1,0.0,0.0,0.0,0.4,0.0,1.4
447.0,Terrence Shannon Jr.,MIN,8.0,4.1,0.6,1.3,0.5,0.1,0.4,0.333,0.5,0.9,0.571,0.0,0.0,,0.0,0.1,0.1,0.5,0.3,0.1,0.4,0.0,1.4
448.0,Colin Castleton,MEM,8.0,2.8,0.1,0.5,0.25,0.0,0.3,0.0,0.1,0.3,0.5,1.0,1.0,1.0,0.3,0.6,0.9,0.0,0.0,0.1,0.0,0.4,1.3
449.0,Caleb Houstan,ORL,18.0,5.5,0.4,1.4,0.308,0.3,1.2,0.273,0.1,0.2,0.5,0.1,0.1,1.0,0.1,0.4,0.5,0.1,0.0,0.1,0.1,0.3,1.3
450.0,James Johnson,IND,3.0,3.3,0.7,1.3,0.5,0.0,0.3,0.0,0.7,1.0,0.667,0.0,0.0,,0.0,0.7,0.7,0.7,0.0,0.3,1.0,0.0,1.3
451.0,Alex Len,SAC,20.0,6.9,0.6,1.1,0.545,0.0,0.2,0.0,0.6,0.9,0.667,0.1,0.2,0.5,0.5,1.3,1.7,0.8,0.2,0.6,0.3,0.9,1.3
452.0,Jack McVeigh,HOU,6.0,3.5,0.5,1.8,0.273,0.3,1.3,0.25,0.2,0.5,0.333,0.0,0.0,,0.2,0.5,0.7,0.2,0.0,0.2,0.2,0.2,1.3
453.0,Zeke Nnaji,DEN,16.0,4.9,0.6,1.4,0.435,0.0,0.5,0.0,0.6,0.9,0.667,0.1,0.3,0.2,0.1,0.3,0.4,0.3,0.1,0.1,0.1,0.4,1.3
454.0,Luke Travers,CLE,6.0,7.0,0.5,1.2,0.429,0.0,0.5,0.0,0.5,0.7,0.75,0.3,0.3,1.0,0.2,0.8,1.0,0.8,0.2,0.2,0.3,0.5,1.3
455.0,Jordan Walsh,BOS,18.0,8.7,0.5,1.7,0.3,0.3,1.3,0.217,0.2,0.4,0.571,0.0,0.1,0.0,0.4,0.8,1.2,0.2,0.3,0.3,0.2,0.6,1.3
456.0,JD Davison,BOS,5.0,4.8,0.4,1.0,0.4,0.2,0.6,0.333,0.2,0.4,0.5,0.2,0.4,0.5,0.0,0.4,0.4,0.2,0.2,0.0,1.2,0.2,1.2
457.0,Colby Jones,SAC,17.0,5.9,0.5,1.3,0.364,0.2,0.5,0.444,0.2,0.8,0.308,0.0,0.0,,0.4,0.7,1.1,0.2,0.3,0.3,0.4,0.6,1.2
458.0,Cory Joseph,ORL,14.0,3.9,0.4,1.1,0.375,0.4,0.9,0.417,0.1,0.3,0.25,0.0,0.0,,0.2,0.5,0.7,0.7,0.1,0.1,0.2,0.3,1.2
459.0,Brandon Williams,DAL,5.0,4.2,0.4,1.8,0.222,0.0,0.4,0.0,0.4,1.4,0.286,0.4,0.6,0.667,0.2,0.6,0.8,0.4,0.0,0.0,0.4,0.4,1.2
460.0,Jazian Gortman,DAL,7.0,2.1,0.4,0.7,0.6,0.3,0.4,0.667,0.1,0.3,0.5,0.0,0.0,,0.1,0.0,0.1,0.0,0.0,0.1,0.1,0.3,1.1
461.0,Xavier Tillman Sr.,BOS,17.0,8.6,0.4,1.7,0.241,0.2,0.9,0.188,0.2,0.8,0.308,0.1,0.1,0.5,0.4,1.5,1.9,0.4,0.3,0.2,0.4,0.8,1.1
462.0,Trey Alexander,DEN,9.0,4.9,0.3,1.3,0.25,0.1,0.7,0.167,0.2,0.7,0.333,0.2,0.2,1.0,0.0,0.1,0.1,0.2,0.0,0.1,0.1,0.3,1.0
463.0,Reece Beekman,GSW,2.0,2.0,0.5,0.5,1.0,0.0,0.0,,0.5,0.5,1.0,0.0,0.0,,0.5,0.0,0.5,0.5,0.5,0.0,0.0,0.5,1.0
464.0,Sidy Cissoko,SAS,11.0,3.0,0.4,0.8,0.444,0.3,0.4,0.75,0.1,0.5,0.2,0.0,0.4,0.0,0.2,0.5,0.7,0.5,0.0,0.0,0.1,0.4,1.0
465.0,Mouhamed Gueye,ATL,2.0,5.5,0.5,2.0,0.25,0.0,1.0,0.0,0.5,1.0,0.5,0.0,0.0,,0.0,1.0,1.0,0.0,0.0,0.0,0.5,0.0,1.0
466.0,Keshad Johnson,MIA,2.0,6.0,0.5,1.0,0.5,0.0,0.5,0.0,0.5,0.5,1.0,0.0,0.0,,0.0,1.0,1.0,0.0,0.0,0.0,0.0,0.0,1.0
467.0,Yuki Kawamura,MEM,14.0,2.9,0.3,1.1,0.267,0.1,0.8,0.182,0.1,0.3,0.5,0.3,0.4,0.667,0.0,0.1,0.1,0.6,0.1,0.0,0.3,0.3,1.0
468.0,Trevelin Queen,ORL,3.0,2.3,0.3,1.0,0.333,0.3,0.3,1.0,0.0,0.7,0.0,0.0,0.0,,0.0,0.0,0.0,0.0,0.0,0.0,0.3,0.7,1.0
469.0,Jared Rhoden,CHO,4.0,3.0,0.5,2.0,0.25,0.0,0.5,0.0,0.5,1.5,0.333,0.0,0.0,,0.5,0.5,1.0,0.5,0.3,0.0,0.3,0.3,1.0
470.0,Liam Robbins,MIL,5.0,4.0,0.4,0.6,0.667,0.0,0.2,0.0,0.4,0.4,1.0,0.2,0.8,0.25,0.4,0.2,0.6,0.0,0.0,0.0,0.0,0.6,1.0
471.0,Gui Santos,GSW,6.0,3.7,0.3,0.8,0.4,0.2,0.5,0.333,0.2,0.3,0.5,0.2,0.3,0.5,0.2,0.8,1.0,0.3,0.0,0.0,0.3,0.5,1.0
472.0,PJ Dozier,MIN,8.0,4.1,0.3,0.4,0.667,0.3,0.4,0.667,0.0,0.0,,0.1,0.8,0.167,0.1,0.5,0.6,0.6,0.1,0.0,0.1,0.4,0.9
473.0,Jaden Springer,BOS,8.0,3.3,0.3,1.0,0.25,0.0,0.3,0.0,0.3,0.8,0.333,0.4,0.8,0.5,0.5,0.4,0.9,0.4,0.4,0.0,0.1,0.4,0.9
474.0,Branden Carlson,OKC,5.0,3.6,0.2,1.4,0.143,0.0,1.0,0.0,0.2,0.4,0.5,0.4,0.4,1.0,0.6,1.0,1.6,0.4,0.2,0.2,0.0,0.2,0.8
475.0,D.J. Carton,TOR,4.0,8.3,0.3,1.8,0.143,0.0,0.8,0.0,0.3,1.0,0.25,0.3,0.3,1.0,0.0,1.0,1.0,0.8,0.5,0.0,1.0,0.3,0.8
476.0,PJ Hall,DEN,5.0,2.2,0.4,1.0,0.4,0.0,0.4,0.0,0.4,0.6,0.667,0.0,0.0,,0.0,0.2,0.2,0.0,0.0,0.0,0.0,0.2,0.8
477.0,Karlo MatkoviÄ,NOP,5.0,7.8,0.4,1.0,0.4,0.0,0.0,,0.4,1.0,0.4,0.0,0.0,,1.2,0.8,2.0,0.0,0.6,0.6,0.8,0.8,0.8
478.0,Baylor Scheierman,BOS,5.0,6.8,0.2,2.0,0.1,0.0,1.2,0.0,0.2,0.8,0.25,0.4,0.4,1.0,0.4,1.0,1.4,0.4,0.2,0.0,0.0,0.6,0.8
479.0,Chris Livingston,MIL,3.0,2.0,0.3,0.7,0.5,0.0,0.0,,0.3,0.7,0.5,0.0,0.0,,0.3,0.3,0.7,0.3,0.3,0.0,0.3,0.0,0.7
480.0,Cui Yongxi,BRK,5.0,2.0,0.2,1.4,0.143,0.0,0.6,0.0,0.2,0.8,0.25,0.2,0.4,0.5,0.0,0.4,0.4,0.0,0.0,0.0,0.0,0.0,0.6
481.0,Bronny James,LAL,7.0,2.6,0.1,1.1,0.125,0.0,0.6,0.0,0.1,0.6,0.25,0.3,0.3,1.0,0.1,0.0,0.1,0.3,0.1,0.1,0.0,0.3,0.6
482.0,Maxwell Lewis,LAL,7.0,4.1,0.3,0.9,0.333,0.0,0.0,,0.3,0.9,0.333,0.0,0.0,,0.3,0.0,0.3,0.3,0.1,0.0,0.3,0.1,0.6
483.0,Tristen Newton,IND,5.0,1.6,0.2,1.2,0.167,0.0,0.6,0.0,0.2,0.6,0.333,0.2,0.2,1.0,0.0,0.0,0.0,0.2,0.0,0.0,0.2,0.4,0.6
484.0,Garrett Temple,TOR,9.0,3.9,0.2,0.8,0.286,0.1,0.3,0.333,0.1,0.4,0.25,0.0,0.0,,0.1,0.3,0.4,0.6,0.4,0.1,0.2,0.7,0.6
485.0,Dominick Barlow,ATL,2.0,5.5,0.0,0.5,0.0,0.0,0.0,,0.0,0.5,0.0,0.5,1.0,0.5,0.0,0.0,0.0,0.0,0.0,0.0,0.0,0.5,0.5
486.0,Jalen Bridges,PHO,2.0,5.5,0.0,1.0,0.0,0.0,1.0,0.0,0.0,0.0,,0.5,1.0,0.5,0.0,0.5,0.5,0.0,0.0,0.0,1.0,0.0,0.5
487.0,Stanley Umude,MIL,6.0,2.8,0.2,0.5,0.333,0.2,0.5,0.333,0.0,0.0,,0.0,0.3,0.0,0.0,0.5,0.5,0.2,0.0,0.2,0.0,0.0,0.5
488.0,Malevy Leons,OKC,6.0,3.5,0.0,0.3,0.0,0.0,0.2,0.0,0.0,0.2,0.0,0.3,0.7,0.5,0.2,0.3,0.5,0.2,0.0,0.0,0.2,0.7,0.3
489.0,Daishen Nix,MIN,3.0,4.3,0.0,0.3,0.0,0.0,0.3,0.0,0.0,0.0,,0.3,0.7,0.5,0.0,1.3,1.3,1.0,0.0,0.0,1.3,0.3,0.3
490.0,Jacob Toppin,NYK,7.0,3.0,0.1,0.4,0.333,0.0,0.3,0.0,0.1,0.1,1.0,0.0,0.0,,0.0,0.4,0.4,0.3,0.0,0.0,0.1,0.0,0.3
491.0,Isaiah Crawford,SAC,1.0,5.0,0.0,0.0,,0.0,0.0,,0.0,0.0,,0.0,0.0,,0.0,1.0,1.0,0.0,0.0,0.0,0.0,1.0,0.0
492.0,Alex Ducas,OKC,4.0,1.8,0.0,0.8,0.0,0.0,0.5,0.0,0.0,0.3,0.0,0.0,0.0,,0.0,0.0,0.0,0.0,0.0,0.0,0.0,0.0,0.0
493.0,Kessler Edwards,DAL,6.0,1.7,0.0,0.3,0.0,0.0,0.3,0.0,0.0,0.0,,0.0,0.0,,0.0,0.0,0.0,0.0,0.0,0.0,0.2,0.3,0.0
494.0,Joe Ingles,MIN,7.0,3.7,0.0,0.3,0.0,0.0,0.3,0.0,0.0,0.0,,0.0,0.0,,0.3,0.0,0.3,1.3,0.0,0.0,0.1,0.7,0.0
495.0,Harrison Ingram,SAS,1.0,7.0,0.0,1.0,0.0,0.0,0.0,,0.0,1.0,0.0,0.0,0.0,,0.0,1.0,1.0,0.0,0.0,0.0,0.0,1.0,0.0
496.0,Daniss Jenkins,DET,2.0,2.5,0.0,1.0,0.0,0.0,1.0,0.0,0.0,0.0,,0.0,0.0,,0.0,0.0,0.0,0.0,0.0,0.0,0.0,0.5,0.0
497.0,Mason Jones,SAC,3.0,4.3,0.0,0.7,0.0,0.0,0.7,0.0,0.0,0.0,,0.0,0.0,,0.3,1.0,1.3,2.3,0.0,0.0,0.0,0.3,0.0
498.0,Spencer Jones,DEN,2.0,2.0,0.0,0.5,0.0,0.0,0.5,0.0,0.0,0.0,,0.0,0.0,,0.0,0.5,0.5,0.0,1.0,0.0,0.0,0.0,0.0
499.0,Mac McClung,ORL,1.0,5.0,0.0,0.0,,0.0,0.0,,0.0,0.0,,0.0,0.0,,0.0,1.0,1.0,2.0,0.0,0.0,0.0,0.0,0.0
500.0,Justin Minaya,POR,1.0,6.0,0.0,0.0,,0.0,0.0,,0.0,0.0,,0.0,0.0,,0.0,1.0,1.0,0.0,0.0,0.0,0.0,1.0,0.0
501.0,Riley Minix,SAS,1.0,7.0,0.0,1.0,0.0,0.0,1.0,0.0,0.0,0.0,,0.0,0.0,,0.0,2.0,2.0,0.0,0.0,0.0,0.0,0.0,0.0
502.0,Cole Swider,DET,2.0,6.5,0.0,2.5,0.0,0.0,2.5,0.0,0.0,0.0,,0.0,0.0,,0.0,1.0,1.0,0.5,0.0,0.0,0.0,0.5,0.0
,League Average,,,,,,0.464,,,0.359,,,0.541,,,0.777,,,,,,,,,
